zone,target_day,issued_at,ts_utc,pred,model,on_time
DE-LU,2026-09-14,2026-09-13 12:23:53.433587,2026-09-14 09:00:00,87.19955682558005,lgbm[no-fc],False
DE-LU,2026-09-14,2026-09-13 12:23:53.433587,2026-09-14 17:00:00,221.96247960970945,lgbm[no-fc],False
DE-LU,2026-09-14,2026-09-13 12:23:53.433587,2026-09-14 05:00:00,208.4863437444728,lgbm[no-fc],False
DE-LU,2026-09-14,2026-09-13 12:23:53.433587,2026-09-14 01:00:00,171.75129738111502,lgbm[no-fc],False
DE-LU,2026-09-14,2026-09-13 12:23:53.433587,2026-09-14 19:00:00,209.259282278164,lgbm[no-fc],False
DE-LU,2026-09-14,2026-09-13 12:23:53.433587,2026-09-14 12:00:00,72.92506492463615,lgbm[no-fc],False
DE-LU,2026-09-14,2026-09-13 12:23:53.433587,2026-09-14 06:00:00,207.30389680963788,lgbm[no-fc],False
DE-LU,2026-09-14,2026-09-13 12:23:53.433587,2026-09-13 22:00:00,192.5652519612136,lgbm[no-fc],False
DE-LU,2026-09-14,2026-09-13 12:23:53.433587,2026-09-14 20:00:00,193.43139648202165,lgbm[no-fc],False
DE-LU,2026-09-14,2026-09-13 12:23:53.433587,2026-09-14 02:00:00,182.38249671339608,lgbm[no-fc],False
DE-LU,2026-09-14,2026-09-13 12:23:53.433587,2026-09-14 18:00:00,218.8020401072488,lgbm[no-fc],False
DE-LU,2026-09-14,2026-09-13 12:23:53.433587,2026-09-14 13:00:00,86.53493378500248,lgbm[no-fc],False
DE-LU,2026-09-14,2026-09-13 12:23:53.433587,2026-09-14 21:00:00,179.48406794060142,lgbm[no-fc],False
DE-LU,2026-09-14,2026-09-13 12:23:53.433587,2026-09-13 23:00:00,189.0860004537521,lgbm[no-fc],False
DE-LU,2026-09-14,2026-09-13 12:23:53.433587,2026-09-14 10:00:00,77.13524134842636,lgbm[no-fc],False
DE-LU,2026-09-14,2026-09-13 12:23:53.433587,2026-09-14 15:00:00,158.57986560640614,lgbm[no-fc],False
DE-LU,2026-09-14,2026-09-13 12:23:53.433587,2026-09-14 00:00:00,170.32205846560723,lgbm[no-fc],False
DE-LU,2026-09-14,2026-09-13 12:23:53.433587,2026-09-14 07:00:00,167.84689257778888,lgbm[no-fc],False
DE-LU,2026-09-14,2026-09-13 12:23:53.433587,2026-09-14 03:00:00,186.92279529604104,lgbm[no-fc],False
DE-LU,2026-09-14,2026-09-13 12:23:53.433587,2026-09-14 08:00:00,108.2479358739472,lgbm[no-fc],False
DE-LU,2026-09-14,2026-09-13 12:23:53.433587,2026-09-14 14:00:00,126.88337768231504,lgbm[no-fc],False
DE-LU,2026-09-14,2026-09-13 12:23:53.433587,2026-09-14 04:00:00,205.1240214775385,lgbm[no-fc],False
DE-LU,2026-09-14,2026-09-13 12:23:53.433587,2026-09-14 11:00:00,73.64923502258944,lgbm[no-fc],False
DE-LU,2026-09-14,2026-09-13 12:23:53.433587,2026-09-14 16:00:00,213.77433345765428,lgbm[no-fc],False
DE-LU,2026-09-14,2026-09-13 12:27:02.312747,2026-09-14 17:00:00,221.96247960970945,lgbm[no-fc],False
DE-LU,2026-09-14,2026-09-13 12:27:02.312747,2026-09-14 05:00:00,208.4863437444728,lgbm[no-fc],False
DE-LU,2026-09-14,2026-09-13 12:27:02.312747,2026-09-14 09:00:00,87.19955682558005,lgbm[no-fc],False
DE-LU,2026-09-14,2026-09-13 12:27:02.312747,2026-09-14 06:00:00,207.30389680963788,lgbm[no-fc],False
DE-LU,2026-09-14,2026-09-13 12:27:02.312747,2026-09-14 01:00:00,171.75129738111502,lgbm[no-fc],False
DE-LU,2026-09-14,2026-09-13 12:27:02.312747,2026-09-13 22:00:00,192.5652519612136,lgbm[no-fc],False
DE-LU,2026-09-14,2026-09-13 12:27:02.312747,2026-09-14 20:00:00,193.43139648202165,lgbm[no-fc],False
DE-LU,2026-09-14,2026-09-13 12:27:02.312747,2026-09-14 18:00:00,218.8020401072488,lgbm[no-fc],False
DE-LU,2026-09-14,2026-09-13 12:27:02.312747,2026-09-14 13:00:00,86.53493378500248,lgbm[no-fc],False
DE-LU,2026-09-14,2026-09-13 12:27:02.312747,2026-09-14 02:00:00,182.38249671339608,lgbm[no-fc],False
DE-LU,2026-09-14,2026-09-13 12:27:02.312747,2026-09-14 19:00:00,209.259282278164,lgbm[no-fc],False
DE-LU,2026-09-14,2026-09-13 12:27:02.312747,2026-09-14 12:00:00,72.92506492463615,lgbm[no-fc],False
DE-LU,2026-09-14,2026-09-13 12:27:02.312747,2026-09-14 07:00:00,167.84689257778888,lgbm[no-fc],False
DE-LU,2026-09-14,2026-09-13 12:27:02.312747,2026-09-14 21:00:00,179.48406794060142,lgbm[no-fc],False
DE-LU,2026-09-14,2026-09-13 12:27:02.312747,2026-09-13 23:00:00,189.0860004537521,lgbm[no-fc],False
DE-LU,2026-09-14,2026-09-13 12:27:02.312747,2026-09-14 15:00:00,158.57986560640614,lgbm[no-fc],False
DE-LU,2026-09-14,2026-09-13 12:27:02.312747,2026-09-14 10:00:00,77.13524134842636,lgbm[no-fc],False
DE-LU,2026-09-14,2026-09-13 12:27:02.312747,2026-09-14 00:00:00,170.32205846560723,lgbm[no-fc],False
DE-LU,2026-09-14,2026-09-13 12:27:02.312747,2026-09-14 11:00:00,73.64923502258944,lgbm[no-fc],False
DE-LU,2026-09-14,2026-09-13 12:27:02.312747,2026-09-14 16:00:00,213.77433345765428,lgbm[no-fc],False
DE-LU,2026-09-14,2026-09-13 12:27:02.312747,2026-09-14 03:00:00,186.92279529604104,lgbm[no-fc],False
DE-LU,2026-09-14,2026-09-13 12:27:02.312747,2026-09-14 14:00:00,126.88337768231504,lgbm[no-fc],False
DE-LU,2026-09-14,2026-09-13 12:27:02.312747,2026-09-14 08:00:00,108.2479358739472,lgbm[no-fc],False
DE-LU,2026-09-14,2026-09-13 12:27:02.312747,2026-09-14 04:00:00,205.1240214775385,lgbm[no-fc],False
DE-LU,2026-09-15,2026-09-13 14:14:13.344092,2026-09-15 21:00:00,239.12016083822044,lgbm[no-fc],True
DE-LU,2026-09-15,2026-09-13 14:14:13.344092,2026-09-14 22:00:00,227.89068790302653,lgbm[no-fc],True
DE-LU,2026-09-15,2026-09-13 14:14:13.344092,2026-09-15 02:00:00,179.14321115753765,lgbm[no-fc],True
DE-LU,2026-09-15,2026-09-13 14:14:13.344092,2026-09-15 16:00:00,326.75581363564027,lgbm[no-fc],True
DE-LU,2026-09-15,2026-09-13 14:14:13.344092,2026-09-15 03:00:00,214.60020227839644,lgbm[no-fc],True
DE-LU,2026-09-15,2026-09-13 14:14:13.344092,2026-09-15 12:00:00,113.5801698981934,lgbm[no-fc],True
DE-LU,2026-09-15,2026-09-13 14:14:13.344092,2026-09-15 18:00:00,285.5285268182791,lgbm[no-fc],True
DE-LU,2026-09-15,2026-09-13 14:14:13.344092,2026-09-15 05:00:00,287.583246510005,lgbm[no-fc],True
DE-LU,2026-09-15,2026-09-13 14:14:13.344092,2026-09-15 17:00:00,316.1663344789123,lgbm[no-fc],True
DE-LU,2026-09-15,2026-09-13 14:14:13.344092,2026-09-15 19:00:00,290.2320214838077,lgbm[no-fc],True
DE-LU,2026-09-15,2026-09-13 14:14:13.344092,2026-09-15 13:00:00,126.9571298575579,lgbm[no-fc],True
DE-LU,2026-09-15,2026-09-13 14:14:13.344092,2026-09-15 04:00:00,249.9951944111364,lgbm[no-fc],True
DE-LU,2026-09-15,2026-09-13 14:14:13.344092,2026-09-15 08:00:00,179.05111862688642,lgbm[no-fc],True
DE-LU,2026-09-15,2026-09-13 14:14:13.344092,2026-09-15 01:00:00,172.53604246781546,lgbm[no-fc],True
DE-LU,2026-09-15,2026-09-13 14:14:13.344092,2026-09-15 06:00:00,277.5665830681876,lgbm[no-fc],True
DE-LU,2026-09-15,2026-09-13 14:14:13.344092,2026-09-15 09:00:00,151.64682900568826,lgbm[no-fc],True
DE-LU,2026-09-15,2026-09-13 14:14:13.344092,2026-09-15 00:00:00,175.3796639249507,lgbm[no-fc],True
DE-LU,2026-09-15,2026-09-13 14:14:13.344092,2026-09-14 23:00:00,178.60218390048144,lgbm[no-fc],True
DE-LU,2026-09-15,2026-09-13 14:14:13.344092,2026-09-15 20:00:00,244.28850013891343,lgbm[no-fc],True
DE-LU,2026-09-15,2026-09-13 14:14:13.344092,2026-09-15 11:00:00,112.08446732642072,lgbm[no-fc],True
DE-LU,2026-09-15,2026-09-13 14:14:13.344092,2026-09-15 14:00:00,148.9991832432478,lgbm[no-fc],True
DE-LU,2026-09-15,2026-09-13 14:14:13.344092,2026-09-15 10:00:00,124.23659964109468,lgbm[no-fc],True
DE-LU,2026-09-15,2026-09-13 14:14:13.344092,2026-09-15 15:00:00,246.1764581507313,lgbm[no-fc],True
DE-LU,2026-09-15,2026-09-13 14:14:13.344092,2026-09-15 07:00:00,210.8516260291836,lgbm[no-fc],True
DE-LU,2026-09-15,2026-09-14 06:08:42.615421,2026-09-15 00:00:00,175.3796639249507,lgbm[no-fc],True
DE-LU,2026-09-15,2026-09-14 06:08:42.615421,2026-09-15 06:00:00,277.5665830681876,lgbm[no-fc],True
DE-LU,2026-09-15,2026-09-14 06:08:42.615421,2026-09-15 01:00:00,172.53604246781546,lgbm[no-fc],True
DE-LU,2026-09-15,2026-09-14 06:08:42.615421,2026-09-15 08:00:00,179.05111862688642,lgbm[no-fc],True
DE-LU,2026-09-15,2026-09-14 06:08:42.615421,2026-09-15 09:00:00,151.64682900568826,lgbm[no-fc],True
DE-LU,2026-09-15,2026-09-14 06:08:42.615421,2026-09-15 07:00:00,210.8516260291836,lgbm[no-fc],True
DE-LU,2026-09-15,2026-09-14 06:08:42.615421,2026-09-15 14:00:00,148.9991832432478,lgbm[no-fc],True
DE-LU,2026-09-15,2026-09-14 06:08:42.615421,2026-09-14 23:00:00,178.60218390048144,lgbm[no-fc],True
DE-LU,2026-09-15,2026-09-14 06:08:42.615421,2026-09-15 10:00:00,124.23659964109468,lgbm[no-fc],True
DE-LU,2026-09-15,2026-09-14 06:08:42.615421,2026-09-15 15:00:00,246.1764581507313,lgbm[no-fc],True
DE-LU,2026-09-15,2026-09-14 06:08:42.615421,2026-09-15 20:00:00,244.28850013891343,lgbm[no-fc],True
DE-LU,2026-09-15,2026-09-14 06:08:42.615421,2026-09-15 11:00:00,112.08446732642072,lgbm[no-fc],True
DE-LU,2026-09-15,2026-09-14 06:08:42.615421,2026-09-15 21:00:00,239.12016083822044,lgbm[no-fc],True
DE-LU,2026-09-15,2026-09-14 06:08:42.615421,2026-09-15 02:00:00,179.14321115753765,lgbm[no-fc],True
DE-LU,2026-09-15,2026-09-14 06:08:42.615421,2026-09-14 22:00:00,227.89068790302653,lgbm[no-fc],True
DE-LU,2026-09-15,2026-09-14 06:08:42.615421,2026-09-15 04:00:00,249.9951944111364,lgbm[no-fc],True
DE-LU,2026-09-15,2026-09-14 06:08:42.615421,2026-09-15 18:00:00,285.5285268182791,lgbm[no-fc],True
DE-LU,2026-09-15,2026-09-14 06:08:42.615421,2026-09-15 05:00:00,287.583246510005,lgbm[no-fc],True
DE-LU,2026-09-15,2026-09-14 06:08:42.615421,2026-09-15 12:00:00,113.5801698981934,lgbm[no-fc],True
DE-LU,2026-09-15,2026-09-14 06:08:42.615421,2026-09-15 17:00:00,316.1663344789123,lgbm[no-fc],True
DE-LU,2026-09-15,2026-09-14 06:08:42.615421,2026-09-15 03:00:00,214.60020227839644,lgbm[no-fc],True
DE-LU,2026-09-15,2026-09-14 06:08:42.615421,2026-09-15 19:00:00,290.2320214838077,lgbm[no-fc],True
DE-LU,2026-09-15,2026-09-14 06:08:42.615421,2026-09-15 13:00:00,126.9571298575579,lgbm[no-fc],True
DE-LU,2026-09-15,2026-09-14 06:08:42.615421,2026-09-15 16:00:00,326.75581363564027,lgbm[no-fc],True
DE-LU,2026-09-15,2026-09-14 08:07:39.181066,2026-09-15 04:00:00,249.9951944111364,lgbm[no-fc],True
DE-LU,2026-09-15,2026-09-14 08:07:39.181066,2026-09-15 18:00:00,285.5285268182791,lgbm[no-fc],True
DE-LU,2026-09-15,2026-09-14 08:07:39.181066,2026-09-15 05:00:00,287.583246510005,lgbm[no-fc],True
DE-LU,2026-09-15,2026-09-14 08:07:39.181066,2026-09-15 12:00:00,113.5801698981934,lgbm[no-fc],True
DE-LU,2026-09-15,2026-09-14 08:07:39.181066,2026-09-15 17:00:00,316.1663344789123,lgbm[no-fc],True
DE-LU,2026-09-15,2026-09-14 08:07:39.181066,2026-09-15 03:00:00,214.60020227839644,lgbm[no-fc],True
DE-LU,2026-09-15,2026-09-14 08:07:39.181066,2026-09-15 19:00:00,290.2320214838077,lgbm[no-fc],True
DE-LU,2026-09-15,2026-09-14 08:07:39.181066,2026-09-15 13:00:00,126.9571298575579,lgbm[no-fc],True
DE-LU,2026-09-15,2026-09-14 08:07:39.181066,2026-09-15 16:00:00,326.75581363564027,lgbm[no-fc],True
DE-LU,2026-09-15,2026-09-14 08:07:39.181066,2026-09-14 22:00:00,227.89068790302653,lgbm[no-fc],True
DE-LU,2026-09-15,2026-09-14 08:07:39.181066,2026-09-15 02:00:00,179.14321115753765,lgbm[no-fc],True
DE-LU,2026-09-15,2026-09-14 08:07:39.181066,2026-09-15 21:00:00,239.12016083822044,lgbm[no-fc],True
DE-LU,2026-09-15,2026-09-14 08:07:39.181066,2026-09-14 23:00:00,178.60218390048144,lgbm[no-fc],True
DE-LU,2026-09-15,2026-09-14 08:07:39.181066,2026-09-15 10:00:00,124.23659964109468,lgbm[no-fc],True
DE-LU,2026-09-15,2026-09-14 08:07:39.181066,2026-09-15 15:00:00,246.1764581507313,lgbm[no-fc],True
DE-LU,2026-09-15,2026-09-14 08:07:39.181066,2026-09-15 07:00:00,210.8516260291836,lgbm[no-fc],True
DE-LU,2026-09-15,2026-09-14 08:07:39.181066,2026-09-15 11:00:00,112.08446732642072,lgbm[no-fc],True
DE-LU,2026-09-15,2026-09-14 08:07:39.181066,2026-09-15 14:00:00,148.9991832432478,lgbm[no-fc],True
DE-LU,2026-09-15,2026-09-14 08:07:39.181066,2026-09-15 20:00:00,244.28850013891343,lgbm[no-fc],True
DE-LU,2026-09-15,2026-09-14 08:07:39.181066,2026-09-15 09:00:00,151.64682900568826,lgbm[no-fc],True
DE-LU,2026-09-15,2026-09-14 08:07:39.181066,2026-09-15 08:00:00,179.05111862688642,lgbm[no-fc],True
DE-LU,2026-09-15,2026-09-14 08:07:39.181066,2026-09-15 01:00:00,172.53604246781546,lgbm[no-fc],True
DE-LU,2026-09-15,2026-09-14 08:07:39.181066,2026-09-15 06:00:00,277.5665830681876,lgbm[no-fc],True
DE-LU,2026-09-15,2026-09-14 08:07:39.181066,2026-09-15 00:00:00,175.3796639249507,lgbm[no-fc],True
DE-LU,2026-09-16,2026-09-15 06:07:57.486869,2026-09-16 07:00:00,209.66719099639187,lgbm[no-fc],True
DE-LU,2026-09-16,2026-09-15 06:07:57.486869,2026-09-16 03:00:00,189.28691738352472,lgbm[no-fc],True
DE-LU,2026-09-16,2026-09-15 06:07:57.486869,2026-09-16 06:00:00,220.6165281194239,lgbm[no-fc],True
DE-LU,2026-09-16,2026-09-15 06:07:57.486869,2026-09-16 04:00:00,225.39160420965985,lgbm[no-fc],True
DE-LU,2026-09-16,2026-09-15 06:07:57.486869,2026-09-16 17:00:00,270.2808087810189,lgbm[no-fc],True
DE-LU,2026-09-16,2026-09-15 06:07:57.486869,2026-09-16 14:00:00,136.86081678239063,lgbm[no-fc],True
DE-LU,2026-09-16,2026-09-15 06:07:57.486869,2026-09-15 23:00:00,165.14908810474662,lgbm[no-fc],True
DE-LU,2026-09-16,2026-09-15 06:07:57.486869,2026-09-16 09:00:00,110.77806326298948,lgbm[no-fc],True
DE-LU,2026-09-16,2026-09-15 06:07:57.486869,2026-09-16 12:00:00,92.14266580367342,lgbm[no-fc],True
DE-LU,2026-09-16,2026-09-15 06:07:57.486869,2026-09-16 19:00:00,218.3864964065684,lgbm[no-fc],True
DE-LU,2026-09-16,2026-09-15 06:07:57.486869,2026-09-16 20:00:00,210.4950041486638,lgbm[no-fc],True
DE-LU,2026-09-16,2026-09-15 06:07:57.486869,2026-09-16 21:00:00,180.9354589774285,lgbm[no-fc],True
DE-LU,2026-09-16,2026-09-15 06:07:57.486869,2026-09-16 02:00:00,152.21234201985786,lgbm[no-fc],True
DE-LU,2026-09-16,2026-09-15 06:07:57.486869,2026-09-16 18:00:00,243.7438890465219,lgbm[no-fc],True
DE-LU,2026-09-16,2026-09-15 06:07:57.486869,2026-09-15 22:00:00,192.42858033306243,lgbm[no-fc],True
DE-LU,2026-09-16,2026-09-15 06:07:57.486869,2026-09-16 05:00:00,235.5317705000868,lgbm[no-fc],True
DE-LU,2026-09-16,2026-09-15 06:07:57.486869,2026-09-16 00:00:00,168.902844894343,lgbm[no-fc],True
DE-LU,2026-09-16,2026-09-15 06:07:57.486869,2026-09-16 01:00:00,162.82816420442305,lgbm[no-fc],True
DE-LU,2026-09-16,2026-09-15 06:07:57.486869,2026-09-16 08:00:00,161.1459416500567,lgbm[no-fc],True
DE-LU,2026-09-16,2026-09-15 06:07:57.486869,2026-09-16 10:00:00,90.97118546704668,lgbm[no-fc],True
DE-LU,2026-09-16,2026-09-15 06:07:57.486869,2026-09-16 11:00:00,82.0497377066619,lgbm[no-fc],True
DE-LU,2026-09-16,2026-09-15 06:07:57.486869,2026-09-16 13:00:00,119.8266905864827,lgbm[no-fc],True
DE-LU,2026-09-16,2026-09-15 06:07:57.486869,2026-09-16 16:00:00,236.6248593285597,lgbm[no-fc],True
DE-LU,2026-09-16,2026-09-15 06:07:57.486869,2026-09-16 15:00:00,210.88009898766467,lgbm[no-fc],True
DE-LU,2026-09-16,2026-09-15 08:08:07.621005,2026-09-15 22:00:00,192.42858033306243,lgbm[no-fc],True
DE-LU,2026-09-16,2026-09-15 08:08:07.621005,2026-09-16 05:00:00,235.5317705000868,lgbm[no-fc],True
DE-LU,2026-09-16,2026-09-15 08:08:07.621005,2026-09-16 00:00:00,168.902844894343,lgbm[no-fc],True
DE-LU,2026-09-16,2026-09-15 08:08:07.621005,2026-09-16 02:00:00,152.21234201985786,lgbm[no-fc],True
DE-LU,2026-09-16,2026-09-15 08:08:07.621005,2026-09-16 18:00:00,243.7438890465219,lgbm[no-fc],True
DE-LU,2026-09-16,2026-09-15 08:08:07.621005,2026-09-16 16:00:00,236.6248593285597,lgbm[no-fc],True
DE-LU,2026-09-16,2026-09-15 08:08:07.621005,2026-09-16 15:00:00,210.88009898766467,lgbm[no-fc],True
DE-LU,2026-09-16,2026-09-15 08:08:07.621005,2026-09-16 01:00:00,162.82816420442305,lgbm[no-fc],True
DE-LU,2026-09-16,2026-09-15 08:08:07.621005,2026-09-16 08:00:00,161.1459416500567,lgbm[no-fc],True
DE-LU,2026-09-16,2026-09-15 08:08:07.621005,2026-09-16 10:00:00,90.97118546704668,lgbm[no-fc],True
DE-LU,2026-09-16,2026-09-15 08:08:07.621005,2026-09-16 11:00:00,82.0497377066619,lgbm[no-fc],True
DE-LU,2026-09-16,2026-09-15 08:08:07.621005,2026-09-16 13:00:00,119.8266905864827,lgbm[no-fc],True
DE-LU,2026-09-16,2026-09-15 08:08:07.621005,2026-09-16 03:00:00,189.28691738352472,lgbm[no-fc],True
DE-LU,2026-09-16,2026-09-15 08:08:07.621005,2026-09-16 06:00:00,220.6165281194239,lgbm[no-fc],True
DE-LU,2026-09-16,2026-09-15 08:08:07.621005,2026-09-16 04:00:00,225.39160420965985,lgbm[no-fc],True
DE-LU,2026-09-16,2026-09-15 08:08:07.621005,2026-09-16 17:00:00,270.2808087810189,lgbm[no-fc],True
DE-LU,2026-09-16,2026-09-15 08:08:07.621005,2026-09-16 07:00:00,209.66719099639187,lgbm[no-fc],True
DE-LU,2026-09-16,2026-09-15 08:08:07.621005,2026-09-15 23:00:00,165.14908810474662,lgbm[no-fc],True
DE-LU,2026-09-16,2026-09-15 08:08:07.621005,2026-09-16 09:00:00,110.77806326298948,lgbm[no-fc],True
DE-LU,2026-09-16,2026-09-15 08:08:07.621005,2026-09-16 12:00:00,92.14266580367342,lgbm[no-fc],True
DE-LU,2026-09-16,2026-09-15 08:08:07.621005,2026-09-16 19:00:00,218.3864964065684,lgbm[no-fc],True
DE-LU,2026-09-16,2026-09-15 08:08:07.621005,2026-09-16 20:00:00,210.4950041486638,lgbm[no-fc],True
DE-LU,2026-09-16,2026-09-15 08:08:07.621005,2026-09-16 21:00:00,180.9354589774285,lgbm[no-fc],True
DE-LU,2026-09-16,2026-09-15 08:08:07.621005,2026-09-16 14:00:00,136.86081678239063,lgbm[no-fc],True
DE-LU,2026-09-17,2026-09-16 06:07:51.464247,2026-09-17 15:00:00,228.126131718952,lgbm[no-fc],True
DE-LU,2026-09-17,2026-09-16 06:07:51.464247,2026-09-17 16:00:00,260.4979658940286,lgbm[no-fc],True
DE-LU,2026-09-17,2026-09-16 06:07:51.464247,2026-09-17 21:00:00,198.315028893864,lgbm[no-fc],True
DE-LU,2026-09-17,2026-09-16 06:07:51.464247,2026-09-17 02:00:00,165.8619939488864,lgbm[no-fc],True
DE-LU,2026-09-17,2026-09-16 06:07:51.464247,2026-09-17 06:00:00,253.7911004070852,lgbm[no-fc],True
DE-LU,2026-09-17,2026-09-16 06:07:51.464247,2026-09-17 18:00:00,255.51444041446632,lgbm[no-fc],True
DE-LU,2026-09-17,2026-09-16 06:07:51.464247,2026-09-17 04:00:00,241.5726606504148,lgbm[no-fc],True
DE-LU,2026-09-17,2026-09-16 06:07:51.464247,2026-09-16 23:00:00,173.30546776130944,lgbm[no-fc],True
DE-LU,2026-09-17,2026-09-16 06:07:51.464247,2026-09-17 07:00:00,198.82180193474065,lgbm[no-fc],True
DE-LU,2026-09-17,2026-09-16 06:07:51.464247,2026-09-17 14:00:00,150.57923818195732,lgbm[no-fc],True
DE-LU,2026-09-17,2026-09-16 06:07:51.464247,2026-09-17 10:00:00,94.84547148812968,lgbm[no-fc],True
DE-LU,2026-09-17,2026-09-16 06:07:51.464247,2026-09-17 03:00:00,195.1461729160253,lgbm[no-fc],True
DE-LU,2026-09-17,2026-09-16 06:07:51.464247,2026-09-17 12:00:00,89.9184548354228,lgbm[no-fc],True
DE-LU,2026-09-17,2026-09-16 06:07:51.464247,2026-09-17 20:00:00,244.99362970285907,lgbm[no-fc],True
DE-LU,2026-09-17,2026-09-16 06:07:51.464247,2026-09-17 11:00:00,82.85209060086645,lgbm[no-fc],True
DE-LU,2026-09-17,2026-09-16 06:07:51.464247,2026-09-17 00:00:00,153.4309887721257,lgbm[no-fc],True
DE-LU,2026-09-17,2026-09-16 06:07:51.464247,2026-09-17 13:00:00,109.60833908985649,lgbm[no-fc],True
DE-LU,2026-09-17,2026-09-16 06:07:51.464247,2026-09-17 17:00:00,236.2402064090022,lgbm[no-fc],True
DE-LU,2026-09-17,2026-09-16 06:07:51.464247,2026-09-16 22:00:00,176.1144290593272,lgbm[no-fc],True
DE-LU,2026-09-17,2026-09-16 06:07:51.464247,2026-09-17 05:00:00,253.1363624417889,lgbm[no-fc],True
DE-LU,2026-09-17,2026-09-16 06:07:51.464247,2026-09-17 19:00:00,246.53401508763164,lgbm[no-fc],True
DE-LU,2026-09-17,2026-09-16 06:07:51.464247,2026-09-17 01:00:00,157.74652170854117,lgbm[no-fc],True
DE-LU,2026-09-17,2026-09-16 06:07:51.464247,2026-09-17 08:00:00,152.03216328612857,lgbm[no-fc],True
DE-LU,2026-09-17,2026-09-16 06:07:51.464247,2026-09-17 09:00:00,121.9136305975366,lgbm[no-fc],True
DE-LU,2026-09-17,2026-09-16 07:30:32.627495,2026-09-17 08:00:00,152.03216328612857,lgbm[no-fc],True
DE-LU,2026-09-17,2026-09-16 07:30:32.627495,2026-09-17 09:00:00,121.9136305975366,lgbm[no-fc],True
DE-LU,2026-09-17,2026-09-16 07:30:32.627495,2026-09-17 01:00:00,157.74652170854117,lgbm[no-fc],True
DE-LU,2026-09-17,2026-09-16 07:30:32.627495,2026-09-16 22:00:00,176.1144290593272,lgbm[no-fc],True
DE-LU,2026-09-17,2026-09-16 07:30:32.627495,2026-09-17 05:00:00,253.1363624417889,lgbm[no-fc],True
DE-LU,2026-09-17,2026-09-16 07:30:32.627495,2026-09-17 19:00:00,246.53401508763164,lgbm[no-fc],True
DE-LU,2026-09-17,2026-09-16 07:30:32.627495,2026-09-17 13:00:00,109.60833908985649,lgbm[no-fc],True
DE-LU,2026-09-17,2026-09-16 07:30:32.627495,2026-09-17 17:00:00,236.2402064090022,lgbm[no-fc],True
DE-LU,2026-09-17,2026-09-16 07:30:32.627495,2026-09-17 00:00:00,153.4309887721257,lgbm[no-fc],True
DE-LU,2026-09-17,2026-09-16 07:30:32.627495,2026-09-17 11:00:00,82.85209060086645,lgbm[no-fc],True
DE-LU,2026-09-17,2026-09-16 07:30:32.627495,2026-09-17 03:00:00,195.1461729160253,lgbm[no-fc],True
DE-LU,2026-09-17,2026-09-16 07:30:32.627495,2026-09-17 12:00:00,89.9184548354228,lgbm[no-fc],True
DE-LU,2026-09-17,2026-09-16 07:30:32.627495,2026-09-17 20:00:00,244.99362970285907,lgbm[no-fc],True
DE-LU,2026-09-17,2026-09-16 07:30:32.627495,2026-09-17 10:00:00,94.84547148812968,lgbm[no-fc],True
DE-LU,2026-09-17,2026-09-16 07:30:32.627495,2026-09-16 23:00:00,173.30546776130944,lgbm[no-fc],True
DE-LU,2026-09-17,2026-09-16 07:30:32.627495,2026-09-17 07:00:00,198.82180193474065,lgbm[no-fc],True
DE-LU,2026-09-17,2026-09-16 07:30:32.627495,2026-09-17 14:00:00,150.57923818195732,lgbm[no-fc],True
DE-LU,2026-09-17,2026-09-16 07:30:32.627495,2026-09-17 04:00:00,241.5726606504148,lgbm[no-fc],True
DE-LU,2026-09-17,2026-09-16 07:30:32.627495,2026-09-17 02:00:00,165.8619939488864,lgbm[no-fc],True
DE-LU,2026-09-17,2026-09-16 07:30:32.627495,2026-09-17 06:00:00,253.7911004070852,lgbm[no-fc],True
DE-LU,2026-09-17,2026-09-16 07:30:32.627495,2026-09-17 18:00:00,255.51444041446632,lgbm[no-fc],True
DE-LU,2026-09-17,2026-09-16 07:30:32.627495,2026-09-17 15:00:00,228.126131718952,lgbm[no-fc],True
DE-LU,2026-09-17,2026-09-16 07:30:32.627495,2026-09-17 16:00:00,260.4979658940286,lgbm[no-fc],True
DE-LU,2026-09-17,2026-09-16 07:30:32.627495,2026-09-17 21:00:00,198.315028893864,lgbm[no-fc],True
DE-LU,2026-09-17,2026-09-16 07:49:30.732285,2026-09-17 01:00:00,175.9129695203572,lgbm[no-fc+wx+shape],True
DE-LU,2026-09-17,2026-09-16 07:49:30.732285,2026-09-17 08:00:00,151.1924160356183,lgbm[no-fc+wx+shape],True
DE-LU,2026-09-17,2026-09-16 07:49:30.732285,2026-09-17 09:00:00,130.49373128327562,lgbm[no-fc+wx+shape],True
DE-LU,2026-09-17,2026-09-16 07:49:30.732285,2026-09-17 13:00:00,120.0503544628944,lgbm[no-fc+wx+shape],True
DE-LU,2026-09-17,2026-09-16 07:49:30.732285,2026-09-17 17:00:00,259.8450096277071,lgbm[no-fc+wx+shape],True
DE-LU,2026-09-17,2026-09-16 07:49:30.732285,2026-09-16 22:00:00,179.5546925657657,lgbm[no-fc+wx+shape],True
DE-LU,2026-09-17,2026-09-16 07:49:30.732285,2026-09-17 05:00:00,227.53380338653,lgbm[no-fc+wx+shape],True
DE-LU,2026-09-17,2026-09-16 07:49:30.732285,2026-09-17 19:00:00,209.35325856622504,lgbm[no-fc+wx+shape],True
DE-LU,2026-09-17,2026-09-16 07:49:30.732285,2026-09-17 03:00:00,193.2670686012422,lgbm[no-fc+wx+shape],True
DE-LU,2026-09-17,2026-09-16 07:49:30.732285,2026-09-17 12:00:00,95.17658216061837,lgbm[no-fc+wx+shape],True
DE-LU,2026-09-17,2026-09-16 07:49:30.732285,2026-09-17 20:00:00,205.43482616011275,lgbm[no-fc+wx+shape],True
DE-LU,2026-09-17,2026-09-16 07:49:30.732285,2026-09-17 10:00:00,101.4996153713619,lgbm[no-fc+wx+shape],True
DE-LU,2026-09-17,2026-09-16 07:49:30.732285,2026-09-17 00:00:00,175.98181576412154,lgbm[no-fc+wx+shape],True
DE-LU,2026-09-17,2026-09-16 07:49:30.732285,2026-09-17 11:00:00,100.11767410714891,lgbm[no-fc+wx+shape],True
DE-LU,2026-09-17,2026-09-16 07:49:30.732285,2026-09-17 02:00:00,179.4461139546987,lgbm[no-fc+wx+shape],True
DE-LU,2026-09-17,2026-09-16 07:49:30.732285,2026-09-17 06:00:00,228.59059729922,lgbm[no-fc+wx+shape],True
DE-LU,2026-09-17,2026-09-16 07:49:30.732285,2026-09-17 18:00:00,245.7465572816396,lgbm[no-fc+wx+shape],True
DE-LU,2026-09-17,2026-09-16 07:49:30.732285,2026-09-17 15:00:00,199.018633670372,lgbm[no-fc+wx+shape],True
DE-LU,2026-09-17,2026-09-16 07:49:30.732285,2026-09-17 16:00:00,224.58306929747715,lgbm[no-fc+wx+shape],True
DE-LU,2026-09-17,2026-09-16 07:49:30.732285,2026-09-17 21:00:00,184.3677867828885,lgbm[no-fc+wx+shape],True
DE-LU,2026-09-17,2026-09-16 07:49:30.732285,2026-09-16 23:00:00,173.6727855566717,lgbm[no-fc+wx+shape],True
DE-LU,2026-09-17,2026-09-16 07:49:30.732285,2026-09-17 07:00:00,196.8602666681801,lgbm[no-fc+wx+shape],True
DE-LU,2026-09-17,2026-09-16 07:49:30.732285,2026-09-17 14:00:00,144.87217119202217,lgbm[no-fc+wx+shape],True
DE-LU,2026-09-17,2026-09-16 07:49:30.732285,2026-09-17 04:00:00,216.3907352418485,lgbm[no-fc+wx+shape],True
DE-LU,2026-09-17,2026-09-16 08:07:25.482411,2026-09-17 11:00:00,99.93190256395778,lgbm[no-fc+wx+shape],True
DE-LU,2026-09-17,2026-09-16 08:07:25.482411,2026-09-17 00:00:00,172.3944229333049,lgbm[no-fc+wx+shape],True
DE-LU,2026-09-17,2026-09-16 08:07:25.482411,2026-09-17 10:00:00,102.635724602684,lgbm[no-fc+wx+shape],True
DE-LU,2026-09-17,2026-09-16 08:07:25.482411,2026-09-17 03:00:00,184.50942287800245,lgbm[no-fc+wx+shape],True
DE-LU,2026-09-17,2026-09-16 08:07:25.482411,2026-09-17 12:00:00,93.25203480633516,lgbm[no-fc+wx+shape],True
DE-LU,2026-09-17,2026-09-16 08:07:25.482411,2026-09-17 20:00:00,200.5839260236828,lgbm[no-fc+wx+shape],True
DE-LU,2026-09-17,2026-09-16 08:07:25.482411,2026-09-17 04:00:00,210.85265879518747,lgbm[no-fc+wx+shape],True
DE-LU,2026-09-17,2026-09-16 08:07:25.482411,2026-09-16 23:00:00,168.63457556050602,lgbm[no-fc+wx+shape],True
DE-LU,2026-09-17,2026-09-16 08:07:25.482411,2026-09-17 07:00:00,191.19145857543955,lgbm[no-fc+wx+shape],True
DE-LU,2026-09-17,2026-09-16 08:07:25.482411,2026-09-17 14:00:00,149.16907064354126,lgbm[no-fc+wx+shape],True
DE-LU,2026-09-17,2026-09-16 08:07:25.482411,2026-09-17 15:00:00,197.25390975978763,lgbm[no-fc+wx+shape],True
DE-LU,2026-09-17,2026-09-16 08:07:25.482411,2026-09-17 16:00:00,229.29552821421845,lgbm[no-fc+wx+shape],True
DE-LU,2026-09-17,2026-09-16 08:07:25.482411,2026-09-17 21:00:00,183.599968300661,lgbm[no-fc+wx+shape],True
DE-LU,2026-09-17,2026-09-16 08:07:25.482411,2026-09-17 02:00:00,172.44227723183286,lgbm[no-fc+wx+shape],True
DE-LU,2026-09-17,2026-09-16 08:07:25.482411,2026-09-17 06:00:00,224.5936708199375,lgbm[no-fc+wx+shape],True
DE-LU,2026-09-17,2026-09-16 08:07:25.482411,2026-09-17 18:00:00,245.073619914176,lgbm[no-fc+wx+shape],True
DE-LU,2026-09-17,2026-09-16 08:07:25.482411,2026-09-17 08:00:00,152.42809405542212,lgbm[no-fc+wx+shape],True
DE-LU,2026-09-17,2026-09-16 08:07:25.482411,2026-09-17 09:00:00,125.02607740780788,lgbm[no-fc+wx+shape],True
DE-LU,2026-09-17,2026-09-16 08:07:25.482411,2026-09-17 01:00:00,170.58871260138474,lgbm[no-fc+wx+shape],True
DE-LU,2026-09-17,2026-09-16 08:07:25.482411,2026-09-16 22:00:00,173.2669564615002,lgbm[no-fc+wx+shape],True
DE-LU,2026-09-17,2026-09-16 08:07:25.482411,2026-09-17 05:00:00,224.5513672518626,lgbm[no-fc+wx+shape],True
DE-LU,2026-09-17,2026-09-16 08:07:25.482411,2026-09-17 19:00:00,211.7378364959945,lgbm[no-fc+wx+shape],True
DE-LU,2026-09-17,2026-09-16 08:07:25.482411,2026-09-17 13:00:00,124.0318934927866,lgbm[no-fc+wx+shape],True
DE-LU,2026-09-17,2026-09-16 08:07:25.482411,2026-09-17 17:00:00,241.2765396925116,lgbm[no-fc+wx+shape],True
DE-LU,2026-09-18,2026-09-17 06:08:10.121457,2026-09-18 03:00:00,146.28123677234916,lgbm[no-fc+wx+shape],True
DE-LU,2026-09-18,2026-09-17 06:08:10.121457,2026-09-18 00:00:00,136.03867643940816,lgbm[no-fc+wx+shape],True
DE-LU,2026-09-18,2026-09-17 06:08:10.121457,2026-09-18 04:00:00,177.35572803630535,lgbm[no-fc+wx+shape],True
DE-LU,2026-09-18,2026-09-17 06:08:10.121457,2026-09-18 08:00:00,111.87056022657453,lgbm[no-fc+wx+shape],True
DE-LU,2026-09-18,2026-09-17 06:08:10.121457,2026-09-18 18:00:00,212.3574590384028,lgbm[no-fc+wx+shape],True
DE-LU,2026-09-18,2026-09-17 06:08:10.121457,2026-09-18 15:00:00,161.8916139837141,lgbm[no-fc+wx+shape],True
DE-LU,2026-09-18,2026-09-17 06:08:10.121457,2026-09-18 09:00:00,79.92794267428212,lgbm[no-fc+wx+shape],True
DE-LU,2026-09-18,2026-09-17 06:08:10.121457,2026-09-18 12:00:00,61.55271801389041,lgbm[no-fc+wx+shape],True
DE-LU,2026-09-18,2026-09-17 06:08:10.121457,2026-09-18 16:00:00,187.3888996674073,lgbm[no-fc+wx+shape],True
DE-LU,2026-09-18,2026-09-17 06:08:10.121457,2026-09-18 19:00:00,186.45282172031813,lgbm[no-fc+wx+shape],True
DE-LU,2026-09-18,2026-09-17 06:08:10.121457,2026-09-18 06:00:00,186.8276062420982,lgbm[no-fc+wx+shape],True
DE-LU,2026-09-18,2026-09-17 06:08:10.121457,2026-09-18 07:00:00,145.94612051680025,lgbm[no-fc+wx+shape],True
DE-LU,2026-09-18,2026-09-17 06:08:10.121457,2026-09-18 17:00:00,212.9956344869663,lgbm[no-fc+wx+shape],True
DE-LU,2026-09-18,2026-09-17 06:08:10.121457,2026-09-17 23:00:00,187.60282232883543,lgbm[no-fc+wx+shape],True
DE-LU,2026-09-18,2026-09-17 06:08:10.121457,2026-09-18 11:00:00,54.234429307794215,lgbm[no-fc+wx+shape],True
DE-LU,2026-09-18,2026-09-17 06:08:10.121457,2026-09-18 01:00:00,135.92153419695197,lgbm[no-fc+wx+shape],True
DE-LU,2026-09-18,2026-09-17 06:08:10.121457,2026-09-18 02:00:00,139.43561113440916,lgbm[no-fc+wx+shape],True
DE-LU,2026-09-18,2026-09-17 06:08:10.121457,2026-09-18 13:00:00,62.99164535450376,lgbm[no-fc+wx+shape],True
DE-LU,2026-09-18,2026-09-17 06:08:10.121457,2026-09-18 21:00:00,161.91508241693296,lgbm[no-fc+wx+shape],True
DE-LU,2026-09-18,2026-09-17 06:08:10.121457,2026-09-18 10:00:00,63.66362777429346,lgbm[no-fc+wx+shape],True
DE-LU,2026-09-18,2026-09-17 06:08:10.121457,2026-09-18 20:00:00,178.68641283330095,lgbm[no-fc+wx+shape],True
DE-LU,2026-09-18,2026-09-17 06:08:10.121457,2026-09-17 22:00:00,197.9500973600813,lgbm[no-fc+wx+shape],True
DE-LU,2026-09-18,2026-09-17 06:08:10.121457,2026-09-18 05:00:00,194.7069629997379,lgbm[no-fc+wx+shape],True
DE-LU,2026-09-18,2026-09-17 06:08:10.121457,2026-09-18 14:00:00,102.74568571234413,lgbm[no-fc+wx+shape],True
DE-LU,2026-09-18,2026-09-17 08:07:55.806246,2026-09-17 23:00:00,187.85772453866048,lgbm[no-fc+wx+shape],True
DE-LU,2026-09-18,2026-09-17 08:07:55.806246,2026-09-18 06:00:00,182.04333985494924,lgbm[no-fc+wx+shape],True
DE-LU,2026-09-18,2026-09-17 08:07:55.806246,2026-09-18 07:00:00,147.2008538046762,lgbm[no-fc+wx+shape],True
DE-LU,2026-09-18,2026-09-17 08:07:55.806246,2026-09-18 17:00:00,206.3087188898372,lgbm[no-fc+wx+shape],True
DE-LU,2026-09-18,2026-09-17 08:07:55.806246,2026-09-18 09:00:00,74.38849798551053,lgbm[no-fc+wx+shape],True
DE-LU,2026-09-18,2026-09-17 08:07:55.806246,2026-09-18 12:00:00,70.82852251401258,lgbm[no-fc+wx+shape],True
DE-LU,2026-09-18,2026-09-17 08:07:55.806246,2026-09-18 16:00:00,196.6018629485999,lgbm[no-fc+wx+shape],True
DE-LU,2026-09-18,2026-09-17 08:07:55.806246,2026-09-18 19:00:00,188.20190643503548,lgbm[no-fc+wx+shape],True
DE-LU,2026-09-18,2026-09-17 08:07:55.806246,2026-09-18 15:00:00,139.32839027037346,lgbm[no-fc+wx+shape],True
DE-LU,2026-09-18,2026-09-17 08:07:55.806246,2026-09-18 00:00:00,134.17101714319412,lgbm[no-fc+wx+shape],True
DE-LU,2026-09-18,2026-09-17 08:07:55.806246,2026-09-18 04:00:00,191.2426781489367,lgbm[no-fc+wx+shape],True
DE-LU,2026-09-18,2026-09-17 08:07:55.806246,2026-09-18 08:00:00,116.7285367436605,lgbm[no-fc+wx+shape],True
DE-LU,2026-09-18,2026-09-17 08:07:55.806246,2026-09-18 18:00:00,204.22491359449947,lgbm[no-fc+wx+shape],True
DE-LU,2026-09-18,2026-09-17 08:07:55.806246,2026-09-18 03:00:00,152.2369018559267,lgbm[no-fc+wx+shape],True
DE-LU,2026-09-18,2026-09-17 08:07:55.806246,2026-09-18 14:00:00,117.1518777338357,lgbm[no-fc+wx+shape],True
DE-LU,2026-09-18,2026-09-17 08:07:55.806246,2026-09-17 22:00:00,198.79074016172,lgbm[no-fc+wx+shape],True
DE-LU,2026-09-18,2026-09-17 08:07:55.806246,2026-09-18 05:00:00,213.32014354518537,lgbm[no-fc+wx+shape],True
DE-LU,2026-09-18,2026-09-17 08:07:55.806246,2026-09-18 10:00:00,63.02099832481439,lgbm[no-fc+wx+shape],True
DE-LU,2026-09-18,2026-09-17 08:07:55.806246,2026-09-18 20:00:00,184.090947160841,lgbm[no-fc+wx+shape],True
DE-LU,2026-09-18,2026-09-17 08:07:55.806246,2026-09-18 01:00:00,134.75629251497773,lgbm[no-fc+wx+shape],True
DE-LU,2026-09-18,2026-09-17 08:07:55.806246,2026-09-18 02:00:00,137.5217165036868,lgbm[no-fc+wx+shape],True
DE-LU,2026-09-18,2026-09-17 08:07:55.806246,2026-09-18 13:00:00,59.32816840000704,lgbm[no-fc+wx+shape],True
DE-LU,2026-09-18,2026-09-17 08:07:55.806246,2026-09-18 21:00:00,160.24382267331214,lgbm[no-fc+wx+shape],True
DE-LU,2026-09-18,2026-09-17 08:07:55.806246,2026-09-18 11:00:00,52.4928659564858,lgbm[no-fc+wx+shape],True
DE-LU,2026-09-19,2026-09-18 06:07:40.911476,2026-09-18 22:00:00,162.1446683066946,lgbm[no-fc+wx+shape],True
DE-LU,2026-09-19,2026-09-18 06:07:40.911476,2026-09-19 01:00:00,143.26460586134505,lgbm[no-fc+wx+shape],True
DE-LU,2026-09-19,2026-09-18 06:07:40.911476,2026-09-19 10:00:00,29.160481421535167,lgbm[no-fc+wx+shape],True
DE-LU,2026-09-19,2026-09-18 06:07:40.911476,2026-09-19 13:00:00,28.33408487932759,lgbm[no-fc+wx+shape],True
DE-LU,2026-09-19,2026-09-18 06:07:40.911476,2026-09-19 17:00:00,172.1062432498248,lgbm[no-fc+wx+shape],True
DE-LU,2026-09-19,2026-09-18 06:07:40.911476,2026-09-19 20:00:00,151.6240679646249,lgbm[no-fc+wx+shape],True
DE-LU,2026-09-19,2026-09-18 06:07:40.911476,2026-09-19 07:00:00,119.01207686596956,lgbm[no-fc+wx+shape],True
DE-LU,2026-09-19,2026-09-18 06:07:40.911476,2026-09-19 12:00:00,23.519108261514447,lgbm[no-fc+wx+shape],True
DE-LU,2026-09-19,2026-09-18 06:07:40.911476,2026-09-19 11:00:00,30.31327900420105,lgbm[no-fc+wx+shape],True
DE-LU,2026-09-19,2026-09-18 06:07:40.911476,2026-09-19 05:00:00,164.516787357991,lgbm[no-fc+wx+shape],True
DE-LU,2026-09-19,2026-09-18 06:07:40.911476,2026-09-19 14:00:00,63.16014225163956,lgbm[no-fc+wx+shape],True
DE-LU,2026-09-19,2026-09-18 06:07:40.911476,2026-09-19 02:00:00,140.8442607284943,lgbm[no-fc+wx+shape],True
DE-LU,2026-09-19,2026-09-18 06:07:40.911476,2026-09-19 04:00:00,152.40935325448146,lgbm[no-fc+wx+shape],True
DE-LU,2026-09-19,2026-09-18 06:07:40.911476,2026-09-19 19:00:00,162.00449297375258,lgbm[no-fc+wx+shape],True
DE-LU,2026-09-19,2026-09-18 06:07:40.911476,2026-09-19 21:00:00,143.11438517026676,lgbm[no-fc+wx+shape],True
DE-LU,2026-09-19,2026-09-18 06:07:40.911476,2026-09-19 06:00:00,151.04008210709833,lgbm[no-fc+wx+shape],True
DE-LU,2026-09-19,2026-09-18 06:07:40.911476,2026-09-19 08:00:00,87.49309692013841,lgbm[no-fc+wx+shape],True
DE-LU,2026-09-19,2026-09-18 06:07:40.911476,2026-09-19 09:00:00,53.33268909512125,lgbm[no-fc+wx+shape],True
DE-LU,2026-09-19,2026-09-18 06:07:40.911476,2026-09-18 23:00:00,157.98303800236323,lgbm[no-fc+wx+shape],True
DE-LU,2026-09-19,2026-09-18 06:07:40.911476,2026-09-19 16:00:00,153.43006559202226,lgbm[no-fc+wx+shape],True
DE-LU,2026-09-19,2026-09-18 06:07:40.911476,2026-09-19 18:00:00,167.26151536538666,lgbm[no-fc+wx+shape],True
DE-LU,2026-09-19,2026-09-18 06:07:40.911476,2026-09-19 00:00:00,141.07882076961386,lgbm[no-fc+wx+shape],True
DE-LU,2026-09-19,2026-09-18 06:07:40.911476,2026-09-19 03:00:00,143.4689874254946,lgbm[no-fc+wx+shape],True
DE-LU,2026-09-19,2026-09-18 06:07:40.911476,2026-09-19 15:00:00,108.88360509923274,lgbm[no-fc+wx+shape],True
DE-LU,2026-09-19,2026-09-18 08:07:19.783309,2026-09-19 07:00:00,105.34540384025212,lgbm[no-fc+shape],True
DE-LU,2026-09-19,2026-09-18 08:07:19.783309,2026-09-19 10:00:00,30.52931254141116,lgbm[no-fc+shape],True
DE-LU,2026-09-19,2026-09-18 08:07:19.783309,2026-09-19 13:00:00,27.819698756429062,lgbm[no-fc+shape],True
DE-LU,2026-09-19,2026-09-18 08:07:19.783309,2026-09-19 17:00:00,176.49436685715474,lgbm[no-fc+shape],True
DE-LU,2026-09-19,2026-09-18 08:07:19.783309,2026-09-19 20:00:00,155.20251734899378,lgbm[no-fc+shape],True
DE-LU,2026-09-19,2026-09-18 08:07:19.783309,2026-09-18 22:00:00,160.13766712555864,lgbm[no-fc+shape],True
DE-LU,2026-09-19,2026-09-18 08:07:19.783309,2026-09-19 01:00:00,138.68546173843896,lgbm[no-fc+shape],True
DE-LU,2026-09-19,2026-09-18 08:07:19.783309,2026-09-19 11:00:00,25.98207305319886,lgbm[no-fc+shape],True
DE-LU,2026-09-19,2026-09-18 08:07:19.783309,2026-09-19 12:00:00,23.696623556460565,lgbm[no-fc+shape],True
DE-LU,2026-09-19,2026-09-18 08:07:19.783309,2026-09-19 08:00:00,72.89151787578861,lgbm[no-fc+shape],True
DE-LU,2026-09-19,2026-09-18 08:07:19.783309,2026-09-19 06:00:00,152.01959371897172,lgbm[no-fc+shape],True
DE-LU,2026-09-19,2026-09-18 08:07:19.783309,2026-09-19 02:00:00,137.89654879962927,lgbm[no-fc+shape],True
DE-LU,2026-09-19,2026-09-18 08:07:19.783309,2026-09-19 04:00:00,153.02243438072796,lgbm[no-fc+shape],True
DE-LU,2026-09-19,2026-09-18 08:07:19.783309,2026-09-19 19:00:00,167.1644167261119,lgbm[no-fc+shape],True
DE-LU,2026-09-19,2026-09-18 08:07:19.783309,2026-09-19 21:00:00,144.8844715512733,lgbm[no-fc+shape],True
DE-LU,2026-09-19,2026-09-18 08:07:19.783309,2026-09-19 05:00:00,162.37576621023558,lgbm[no-fc+shape],True
DE-LU,2026-09-19,2026-09-18 08:07:19.783309,2026-09-19 14:00:00,54.32323275731727,lgbm[no-fc+shape],True
DE-LU,2026-09-19,2026-09-18 08:07:19.783309,2026-09-19 00:00:00,141.9188234376932,lgbm[no-fc+shape],True
DE-LU,2026-09-19,2026-09-18 08:07:19.783309,2026-09-19 03:00:00,143.9967332346276,lgbm[no-fc+shape],True
DE-LU,2026-09-19,2026-09-18 08:07:19.783309,2026-09-19 15:00:00,93.54980595275194,lgbm[no-fc+shape],True
DE-LU,2026-09-19,2026-09-18 08:07:19.783309,2026-09-18 23:00:00,158.32150934991589,lgbm[no-fc+shape],True
DE-LU,2026-09-19,2026-09-18 08:07:19.783309,2026-09-19 16:00:00,154.39279951442114,lgbm[no-fc+shape],True
DE-LU,2026-09-19,2026-09-18 08:07:19.783309,2026-09-19 18:00:00,181.1731964487633,lgbm[no-fc+shape],True
DE-LU,2026-09-19,2026-09-18 08:07:19.783309,2026-09-19 09:00:00,46.62614579917353,lgbm[no-fc+shape],True
DE-LU,2026-09-20,2026-09-19 06:07:33.419031,2026-09-20 11:00:00,-19.81170501166068,lgbm[no-fc+shape],True
DE-LU,2026-09-20,2026-09-19 06:07:33.419031,2026-09-20 13:00:00,-19.876328703715657,lgbm[no-fc+shape],True
DE-LU,2026-09-20,2026-09-19 06:07:33.419031,2026-09-20 18:00:00,119.1100889752672,lgbm[no-fc+shape],True
DE-LU,2026-09-20,2026-09-19 06:07:33.419031,2026-09-19 23:00:00,121.28022084578734,lgbm[no-fc+shape],True
DE-LU,2026-09-20,2026-09-19 06:07:33.419031,2026-09-20 03:00:00,48.32404354883743,lgbm[no-fc+shape],True
DE-LU,2026-09-20,2026-09-19 06:07:33.419031,2026-09-20 16:00:00,103.26104401608949,lgbm[no-fc+shape],True
DE-LU,2026-09-20,2026-09-19 06:07:33.419031,2026-09-20 10:00:00,-15.595810602281787,lgbm[no-fc+shape],True
DE-LU,2026-09-20,2026-09-19 06:07:33.419031,2026-09-20 14:00:00,19.48483672715101,lgbm[no-fc+shape],True
DE-LU,2026-09-20,2026-09-19 06:07:33.419031,2026-09-20 20:00:00,99.480754894266,lgbm[no-fc+shape],True
DE-LU,2026-09-20,2026-09-19 06:07:33.419031,2026-09-20 01:00:00,43.4835323394862,lgbm[no-fc+shape],True
DE-LU,2026-09-20,2026-09-19 06:07:33.419031,2026-09-20 06:00:00,50.07398893592927,lgbm[no-fc+shape],True
DE-LU,2026-09-20,2026-09-19 06:07:33.419031,2026-09-20 21:00:00,91.32885296809454,lgbm[no-fc+shape],True
DE-LU,2026-09-20,2026-09-19 06:07:33.419031,2026-09-20 07:00:00,27.55685827365262,lgbm[no-fc+shape],True
DE-LU,2026-09-20,2026-09-19 06:07:33.419031,2026-09-20 12:00:00,-20.442434810771125,lgbm[no-fc+shape],True
DE-LU,2026-09-20,2026-09-19 06:07:33.419031,2026-09-20 04:00:00,47.712237593991176,lgbm[no-fc+shape],True
DE-LU,2026-09-20,2026-09-19 06:07:33.419031,2026-09-20 00:00:00,47.10992609113397,lgbm[no-fc+shape],True
DE-LU,2026-09-20,2026-09-19 06:07:33.419031,2026-09-20 02:00:00,45.58273888108659,lgbm[no-fc+shape],True
DE-LU,2026-09-20,2026-09-19 06:07:33.419031,2026-09-19 22:00:00,127.08310077932671,lgbm[no-fc+shape],True
DE-LU,2026-09-20,2026-09-19 06:07:33.419031,2026-09-20 05:00:00,49.86666051542497,lgbm[no-fc+shape],True
DE-LU,2026-09-20,2026-09-19 06:07:33.419031,2026-09-20 08:00:00,6.468773183129706,lgbm[no-fc+shape],True
DE-LU,2026-09-20,2026-09-19 06:07:33.419031,2026-09-20 15:00:00,61.26640470651149,lgbm[no-fc+shape],True
DE-LU,2026-09-20,2026-09-19 06:07:33.419031,2026-09-20 17:00:00,126.38032662577402,lgbm[no-fc+shape],True
DE-LU,2026-09-20,2026-09-19 06:07:33.419031,2026-09-20 09:00:00,-4.8266421749355,lgbm[no-fc+shape],True
DE-LU,2026-09-20,2026-09-19 06:07:33.419031,2026-09-20 19:00:00,114.75582926887762,lgbm[no-fc+shape],True
DE-LU,2026-09-20,2026-09-19 08:07:06.126608,2026-09-20 04:00:00,47.712237593991176,lgbm[no-fc+shape],True
DE-LU,2026-09-20,2026-09-19 08:07:06.126608,2026-09-20 00:00:00,47.10992609113397,lgbm[no-fc+shape],True
DE-LU,2026-09-20,2026-09-19 08:07:06.126608,2026-09-20 02:00:00,45.58273888108659,lgbm[no-fc+shape],True
DE-LU,2026-09-20,2026-09-19 08:07:06.126608,2026-09-19 22:00:00,127.08310077932671,lgbm[no-fc+shape],True
DE-LU,2026-09-20,2026-09-19 08:07:06.126608,2026-09-20 05:00:00,49.86666051542497,lgbm[no-fc+shape],True
DE-LU,2026-09-20,2026-09-19 08:07:06.126608,2026-09-20 08:00:00,6.468773183129706,lgbm[no-fc+shape],True
DE-LU,2026-09-20,2026-09-19 08:07:06.126608,2026-09-20 15:00:00,61.26640470651149,lgbm[no-fc+shape],True
DE-LU,2026-09-20,2026-09-19 08:07:06.126608,2026-09-20 17:00:00,126.38032662577402,lgbm[no-fc+shape],True
DE-LU,2026-09-20,2026-09-19 08:07:06.126608,2026-09-20 09:00:00,-4.8266421749355,lgbm[no-fc+shape],True
DE-LU,2026-09-20,2026-09-19 08:07:06.126608,2026-09-20 19:00:00,114.75582926887762,lgbm[no-fc+shape],True
DE-LU,2026-09-20,2026-09-19 08:07:06.126608,2026-09-20 11:00:00,-19.81170501166068,lgbm[no-fc+shape],True
DE-LU,2026-09-20,2026-09-19 08:07:06.126608,2026-09-20 13:00:00,-19.876328703715657,lgbm[no-fc+shape],True
DE-LU,2026-09-20,2026-09-19 08:07:06.126608,2026-09-20 18:00:00,119.1100889752672,lgbm[no-fc+shape],True
DE-LU,2026-09-20,2026-09-19 08:07:06.126608,2026-09-19 23:00:00,121.28022084578734,lgbm[no-fc+shape],True
DE-LU,2026-09-20,2026-09-19 08:07:06.126608,2026-09-20 03:00:00,48.32404354883743,lgbm[no-fc+shape],True
DE-LU,2026-09-20,2026-09-19 08:07:06.126608,2026-09-20 16:00:00,103.26104401608949,lgbm[no-fc+shape],True
DE-LU,2026-09-20,2026-09-19 08:07:06.126608,2026-09-20 10:00:00,-15.595810602281787,lgbm[no-fc+shape],True
DE-LU,2026-09-20,2026-09-19 08:07:06.126608,2026-09-20 14:00:00,19.48483672715101,lgbm[no-fc+shape],True
DE-LU,2026-09-20,2026-09-19 08:07:06.126608,2026-09-20 20:00:00,99.480754894266,lgbm[no-fc+shape],True
DE-LU,2026-09-20,2026-09-19 08:07:06.126608,2026-09-20 01:00:00,43.4835323394862,lgbm[no-fc+shape],True
DE-LU,2026-09-20,2026-09-19 08:07:06.126608,2026-09-20 06:00:00,50.07398893592927,lgbm[no-fc+shape],True
DE-LU,2026-09-20,2026-09-19 08:07:06.126608,2026-09-20 21:00:00,91.32885296809454,lgbm[no-fc+shape],True
DE-LU,2026-09-20,2026-09-19 08:07:06.126608,2026-09-20 07:00:00,27.55685827365262,lgbm[no-fc+shape],True
DE-LU,2026-09-20,2026-09-19 08:07:06.126608,2026-09-20 12:00:00,-20.442434810771125,lgbm[no-fc+shape],True
DE-LU,2026-09-21,2026-09-20 06:07:20.343984,2026-09-21 02:00:00,-2.519918958496888,lgbm[no-fc+wx+shape],True
DE-LU,2026-09-21,2026-09-20 06:07:20.343984,2026-09-21 11:00:00,-42.58714977914514,lgbm[no-fc+wx+shape],True
DE-LU,2026-09-21,2026-09-20 06:07:20.343984,2026-09-21 15:00:00,35.62749587439632,lgbm[no-fc+wx+shape],True
DE-LU,2026-09-21,2026-09-20 06:07:20.343984,2026-09-21 19:00:00,47.34243085044053,lgbm[no-fc+wx+shape],True
DE-LU,2026-09-21,2026-09-20 06:07:20.343984,2026-09-21 01:00:00,-5.127812200001696,lgbm[no-fc+wx+shape],True
DE-LU,2026-09-21,2026-09-20 06:07:20.343984,2026-09-21 16:00:00,62.32709734871892,lgbm[no-fc+wx+shape],True
DE-LU,2026-09-21,2026-09-20 06:07:20.343984,2026-09-21 03:00:00,11.39339435569696,lgbm[no-fc+wx+shape],True
DE-LU,2026-09-21,2026-09-20 06:07:20.343984,2026-09-21 07:00:00,36.686951700760616,lgbm[no-fc+wx+shape],True
DE-LU,2026-09-21,2026-09-20 06:07:20.343984,2026-09-21 14:00:00,-8.898069319460483,lgbm[no-fc+wx+shape],True
DE-LU,2026-09-21,2026-09-20 06:07:20.343984,2026-09-21 05:00:00,47.68938870273726,lgbm[no-fc+wx+shape],True
DE-LU,2026-09-21,2026-09-20 06:07:20.343984,2026-09-20 23:00:00,16.054170335764713,lgbm[no-fc+wx+shape],True
DE-LU,2026-09-21,2026-09-20 06:07:20.343984,2026-09-20 22:00:00,24.554567857158588,lgbm[no-fc+wx+shape],True
DE-LU,2026-09-21,2026-09-20 06:07:20.343984,2026-09-21 08:00:00,17.20511208652676,lgbm[no-fc+wx+shape],True
DE-LU,2026-09-21,2026-09-20 06:07:20.343984,2026-09-21 10:00:00,-40.21799019395975,lgbm[no-fc+wx+shape],True
DE-LU,2026-09-21,2026-09-20 06:07:20.343984,2026-09-21 17:00:00,83.9821608768919,lgbm[no-fc+wx+shape],True
DE-LU,2026-09-21,2026-09-20 06:07:20.343984,2026-09-21 18:00:00,71.5479413303442,lgbm[no-fc+wx+shape],True
DE-LU,2026-09-21,2026-09-20 06:07:20.343984,2026-09-21 09:00:00,-7.655306509790805,lgbm[no-fc+wx+shape],True
DE-LU,2026-09-21,2026-09-20 06:07:20.343984,2026-09-21 13:00:00,-33.17615301162348,lgbm[no-fc+wx+shape],True
DE-LU,2026-09-21,2026-09-20 06:07:20.343984,2026-09-21 20:00:00,47.43994980393235,lgbm[no-fc+wx+shape],True
DE-LU,2026-09-21,2026-09-20 06:07:20.343984,2026-09-21 00:00:00,0.2012930641226162,lgbm[no-fc+wx+shape],True
DE-LU,2026-09-21,2026-09-20 06:07:20.343984,2026-09-21 06:00:00,47.48377034883693,lgbm[no-fc+wx+shape],True
DE-LU,2026-09-21,2026-09-20 06:07:20.343984,2026-09-21 21:00:00,52.43977678177743,lgbm[no-fc+wx+shape],True
DE-LU,2026-09-21,2026-09-20 06:07:20.343984,2026-09-21 04:00:00,28.302609336531585,lgbm[no-fc+wx+shape],True
DE-LU,2026-09-21,2026-09-20 06:07:20.343984,2026-09-21 12:00:00,-39.08244259927497,lgbm[no-fc+wx+shape],True
DE-LU,2026-09-21,2026-09-20 08:07:21.745931,2026-09-21 11:00:00,-35.127833564894544,lgbm[no-fc+wx+shape],True
DE-LU,2026-09-21,2026-09-20 08:07:21.745931,2026-09-21 15:00:00,34.093371354578025,lgbm[no-fc+wx+shape],True
DE-LU,2026-09-21,2026-09-20 08:07:21.745931,2026-09-21 02:00:00,-4.576305083308849,lgbm[no-fc+wx+shape],True
DE-LU,2026-09-21,2026-09-20 08:07:21.745931,2026-09-21 01:00:00,-5.446457739368569,lgbm[no-fc+wx+shape],True
DE-LU,2026-09-21,2026-09-20 08:07:21.745931,2026-09-21 19:00:00,61.29775844305518,lgbm[no-fc+wx+shape],True
DE-LU,2026-09-21,2026-09-20 08:07:21.745931,2026-09-21 03:00:00,9.550627069208195,lgbm[no-fc+wx+shape],True
DE-LU,2026-09-21,2026-09-20 08:07:21.745931,2026-09-21 07:00:00,37.27430212450464,lgbm[no-fc+wx+shape],True
DE-LU,2026-09-21,2026-09-20 08:07:21.745931,2026-09-21 14:00:00,-4.476865218858087,lgbm[no-fc+wx+shape],True
DE-LU,2026-09-21,2026-09-20 08:07:21.745931,2026-09-21 16:00:00,57.62915560193133,lgbm[no-fc+wx+shape],True
DE-LU,2026-09-21,2026-09-20 08:07:21.745931,2026-09-21 05:00:00,47.403367433123954,lgbm[no-fc+wx+shape],True
DE-LU,2026-09-21,2026-09-20 08:07:21.745931,2026-09-20 22:00:00,20.85395134799344,lgbm[no-fc+wx+shape],True
DE-LU,2026-09-21,2026-09-20 08:07:21.745931,2026-09-21 08:00:00,17.28135937001426,lgbm[no-fc+wx+shape],True
DE-LU,2026-09-21,2026-09-20 08:07:21.745931,2026-09-21 10:00:00,-30.7301487754655,lgbm[no-fc+wx+shape],True
DE-LU,2026-09-21,2026-09-20 08:07:21.745931,2026-09-21 17:00:00,84.65822459382827,lgbm[no-fc+wx+shape],True
DE-LU,2026-09-21,2026-09-20 08:07:21.745931,2026-09-21 18:00:00,82.08966590460565,lgbm[no-fc+wx+shape],True
DE-LU,2026-09-21,2026-09-20 08:07:21.745931,2026-09-20 23:00:00,15.70570767153744,lgbm[no-fc+wx+shape],True
DE-LU,2026-09-21,2026-09-20 08:07:21.745931,2026-09-21 09:00:00,-4.162177995473474,lgbm[no-fc+wx+shape],True
DE-LU,2026-09-21,2026-09-20 08:07:21.745931,2026-09-21 13:00:00,-25.81915811407942,lgbm[no-fc+wx+shape],True
DE-LU,2026-09-21,2026-09-20 08:07:21.745931,2026-09-21 20:00:00,45.0579597487976,lgbm[no-fc+wx+shape],True
DE-LU,2026-09-21,2026-09-20 08:07:21.745931,2026-09-21 06:00:00,53.26642977443403,lgbm[no-fc+wx+shape],True
DE-LU,2026-09-21,2026-09-20 08:07:21.745931,2026-09-21 21:00:00,50.3630871218508,lgbm[no-fc+wx+shape],True
DE-LU,2026-09-21,2026-09-20 08:07:21.745931,2026-09-21 00:00:00,-5.232720820297093,lgbm[no-fc+wx+shape],True
DE-LU,2026-09-21,2026-09-20 08:07:21.745931,2026-09-21 12:00:00,-34.37264220894862,lgbm[no-fc+wx+shape],True
DE-LU,2026-09-21,2026-09-20 08:07:21.745931,2026-09-21 04:00:00,28.625045873835784,lgbm[no-fc+wx+shape],True
DE-LU,2026-09-22,2026-09-21 06:08:17.428589,2026-09-22 00:00:00,97.36301113253664,lgbm[no-fc+wx+shape],True
DE-LU,2026-09-22,2026-09-21 06:08:17.428589,2026-09-22 05:00:00,190.67518077789543,lgbm[no-fc+wx+shape],True
DE-LU,2026-09-22,2026-09-21 06:08:17.428589,2026-09-22 09:00:00,21.61437341757066,lgbm[no-fc+wx+shape],True
DE-LU,2026-09-22,2026-09-21 06:08:17.428589,2026-09-22 01:00:00,95.21874449226736,lgbm[no-fc+wx+shape],True
DE-LU,2026-09-22,2026-09-21 06:08:17.428589,2026-09-22 08:00:00,69.57247629729454,lgbm[no-fc+wx+shape],True
DE-LU,2026-09-22,2026-09-21 06:08:17.428589,2026-09-22 13:00:00,37.26227738936173,lgbm[no-fc+wx+shape],True
DE-LU,2026-09-22,2026-09-21 06:08:17.428589,2026-09-22 12:00:00,12.282156172857457,lgbm[no-fc+wx+shape],True
DE-LU,2026-09-22,2026-09-21 06:08:17.428589,2026-09-21 22:00:00,35.11266524953187,lgbm[no-fc+wx+shape],True
DE-LU,2026-09-22,2026-09-21 06:08:17.428589,2026-09-22 02:00:00,95.46861892437371,lgbm[no-fc+wx+shape],True
DE-LU,2026-09-22,2026-09-21 06:08:17.428589,2026-09-22 03:00:00,112.63259024217736,lgbm[no-fc+wx+shape],True
DE-LU,2026-09-22,2026-09-21 06:08:17.428589,2026-09-22 14:00:00,74.6415779340498,lgbm[no-fc+wx+shape],True
DE-LU,2026-09-22,2026-09-21 06:08:17.428589,2026-09-22 15:00:00,152.4098915840181,lgbm[no-fc+wx+shape],True
DE-LU,2026-09-22,2026-09-21 06:08:17.428589,2026-09-22 04:00:00,154.82852422840705,lgbm[no-fc+wx+shape],True
DE-LU,2026-09-22,2026-09-21 06:08:17.428589,2026-09-22 19:00:00,187.0135567833468,lgbm[no-fc+wx+shape],True
DE-LU,2026-09-22,2026-09-21 06:08:17.428589,2026-09-22 06:00:00,194.83614748177075,lgbm[no-fc+wx+shape],True
DE-LU,2026-09-22,2026-09-21 06:08:17.428589,2026-09-22 18:00:00,251.4200063214958,lgbm[no-fc+wx+shape],True
DE-LU,2026-09-22,2026-09-21 06:08:17.428589,2026-09-22 20:00:00,189.7815017282063,lgbm[no-fc+wx+shape],True
DE-LU,2026-09-22,2026-09-21 06:08:17.428589,2026-09-22 16:00:00,224.11325865047948,lgbm[no-fc+wx+shape],True
DE-LU,2026-09-22,2026-09-21 06:08:17.428589,2026-09-22 17:00:00,251.592688785112,lgbm[no-fc+wx+shape],True
DE-LU,2026-09-22,2026-09-21 06:08:17.428589,2026-09-21 23:00:00,24.980838418208428,lgbm[no-fc+wx+shape],True
DE-LU,2026-09-22,2026-09-21 06:08:17.428589,2026-09-22 07:00:00,131.78853703966487,lgbm[no-fc+wx+shape],True
DE-LU,2026-09-22,2026-09-21 06:08:17.428589,2026-09-22 10:00:00,-1.5009415758378424,lgbm[no-fc+wx+shape],True
DE-LU,2026-09-22,2026-09-21 06:08:17.428589,2026-09-22 21:00:00,146.13791689642386,lgbm[no-fc+wx+shape],True
DE-LU,2026-09-22,2026-09-21 06:08:17.428589,2026-09-22 11:00:00,-1.5042195999158563,lgbm[no-fc+wx+shape],True
DE-LU,2026-09-22,2026-09-21 08:07:32.168251,2026-09-22 06:00:00,194.7848230089088,lgbm[no-fc+wx+shape],True
DE-LU,2026-09-22,2026-09-21 08:07:32.168251,2026-09-22 18:00:00,242.3355274225271,lgbm[no-fc+wx+shape],True
DE-LU,2026-09-22,2026-09-21 08:07:32.168251,2026-09-22 20:00:00,195.06846263881363,lgbm[no-fc+wx+shape],True
DE-LU,2026-09-22,2026-09-21 08:07:32.168251,2026-09-22 16:00:00,226.44426961759223,lgbm[no-fc+wx+shape],True
DE-LU,2026-09-22,2026-09-21 08:07:32.168251,2026-09-22 17:00:00,247.45764751434325,lgbm[no-fc+wx+shape],True
DE-LU,2026-09-22,2026-09-21 08:07:32.168251,2026-09-21 23:00:00,15.06420760620431,lgbm[no-fc+wx+shape],True
DE-LU,2026-09-22,2026-09-21 08:07:32.168251,2026-09-22 07:00:00,133.33631958403075,lgbm[no-fc+wx+shape],True
DE-LU,2026-09-22,2026-09-21 08:07:32.168251,2026-09-22 10:00:00,6.826580499244983,lgbm[no-fc+wx+shape],True
DE-LU,2026-09-22,2026-09-21 08:07:32.168251,2026-09-22 21:00:00,160.42670772844747,lgbm[no-fc+wx+shape],True
DE-LU,2026-09-22,2026-09-21 08:07:32.168251,2026-09-22 11:00:00,0.9185378386115844,lgbm[no-fc+wx+shape],True
DE-LU,2026-09-22,2026-09-21 08:07:32.168251,2026-09-22 15:00:00,143.1549514710524,lgbm[no-fc+wx+shape],True
DE-LU,2026-09-22,2026-09-21 08:07:32.168251,2026-09-22 04:00:00,155.76857752155885,lgbm[no-fc+wx+shape],True
DE-LU,2026-09-22,2026-09-21 08:07:32.168251,2026-09-22 19:00:00,198.48879442376045,lgbm[no-fc+wx+shape],True
DE-LU,2026-09-22,2026-09-21 08:07:32.168251,2026-09-22 01:00:00,98.00522450583033,lgbm[no-fc+wx+shape],True
DE-LU,2026-09-22,2026-09-21 08:07:32.168251,2026-09-22 08:00:00,74.8899411091429,lgbm[no-fc+wx+shape],True
DE-LU,2026-09-22,2026-09-21 08:07:32.168251,2026-09-22 13:00:00,37.96875646866975,lgbm[no-fc+wx+shape],True
DE-LU,2026-09-22,2026-09-21 08:07:32.168251,2026-09-22 12:00:00,0.1937055860771863,lgbm[no-fc+wx+shape],True
DE-LU,2026-09-22,2026-09-21 08:07:32.168251,2026-09-21 22:00:00,25.4259809570312,lgbm[no-fc+wx+shape],True
DE-LU,2026-09-22,2026-09-21 08:07:32.168251,2026-09-22 02:00:00,96.32265606117537,lgbm[no-fc+wx+shape],True
DE-LU,2026-09-22,2026-09-21 08:07:32.168251,2026-09-22 03:00:00,109.8721738031312,lgbm[no-fc+wx+shape],True
DE-LU,2026-09-22,2026-09-21 08:07:32.168251,2026-09-22 14:00:00,68.35197282544166,lgbm[no-fc+wx+shape],True
DE-LU,2026-09-22,2026-09-21 08:07:32.168251,2026-09-22 00:00:00,98.82788431461655,lgbm[no-fc+wx+shape],True
DE-LU,2026-09-22,2026-09-21 08:07:32.168251,2026-09-22 05:00:00,193.1550170861744,lgbm[no-fc+wx+shape],True
DE-LU,2026-09-22,2026-09-21 08:07:32.168251,2026-09-22 09:00:00,38.042765044984,lgbm[no-fc+wx+shape],True
DE-LU,2026-09-23,2026-09-22 06:07:53.651788,2026-09-23 01:00:00,216.131952647508,lgbm[no-fc+wx+shape],True
DE-LU,2026-09-23,2026-09-22 06:07:53.651788,2026-09-23 20:00:00,270.0679629817136,lgbm[no-fc+wx+shape],True
DE-LU,2026-09-23,2026-09-22 06:07:53.651788,2026-09-22 22:00:00,108.96399300768984,lgbm[no-fc+wx+shape],True
DE-LU,2026-09-23,2026-09-22 06:07:53.651788,2026-09-23 16:00:00,513.557492551237,lgbm[no-fc+wx+shape],True
DE-LU,2026-09-23,2026-09-22 06:07:53.651788,2026-09-23 05:00:00,379.60947159590114,lgbm[no-fc+wx+shape],True
DE-LU,2026-09-23,2026-09-22 06:07:53.651788,2026-09-23 03:00:00,252.1052223684605,lgbm[no-fc+wx+shape],True
DE-LU,2026-09-23,2026-09-22 06:07:53.651788,2026-09-23 08:00:00,203.5264711950956,lgbm[no-fc+wx+shape],True
DE-LU,2026-09-23,2026-09-22 06:07:53.651788,2026-09-22 23:00:00,102.9389953225901,lgbm[no-fc+wx+shape],True
DE-LU,2026-09-23,2026-09-22 06:07:53.651788,2026-09-23 00:00:00,218.44758438172028,lgbm[no-fc+wx+shape],True
DE-LU,2026-09-23,2026-09-22 06:07:53.651788,2026-09-23 04:00:00,349.1096297836215,lgbm[no-fc+wx+shape],True
DE-LU,2026-09-23,2026-09-22 06:07:53.651788,2026-09-23 10:00:00,124.40765875455423,lgbm[no-fc+wx+shape],True
DE-LU,2026-09-23,2026-09-22 06:07:53.651788,2026-09-23 12:00:00,133.37990208439433,lgbm[no-fc+wx+shape],True
DE-LU,2026-09-23,2026-09-22 06:07:53.651788,2026-09-23 07:00:00,281.7453790344236,lgbm[no-fc+wx+shape],True
DE-LU,2026-09-23,2026-09-22 06:07:53.651788,2026-09-23 11:00:00,138.35181704425548,lgbm[no-fc+wx+shape],True
DE-LU,2026-09-23,2026-09-22 06:07:53.651788,2026-09-23 06:00:00,357.5047998739872,lgbm[no-fc+wx+shape],True
DE-LU,2026-09-23,2026-09-22 06:07:53.651788,2026-09-23 18:00:00,494.5254694246785,lgbm[no-fc+wx+shape],True
DE-LU,2026-09-23,2026-09-22 06:07:53.651788,2026-09-23 21:00:00,263.62289804694063,lgbm[no-fc+wx+shape],True
DE-LU,2026-09-23,2026-09-22 06:07:53.651788,2026-09-23 09:00:00,163.2660807812665,lgbm[no-fc+wx+shape],True
DE-LU,2026-09-23,2026-09-22 06:07:53.651788,2026-09-23 14:00:00,200.05484367987324,lgbm[no-fc+wx+shape],True
DE-LU,2026-09-23,2026-09-22 06:07:53.651788,2026-09-23 15:00:00,350.2043025164991,lgbm[no-fc+wx+shape],True
DE-LU,2026-09-23,2026-09-22 06:07:53.651788,2026-09-23 13:00:00,147.3650092767706,lgbm[no-fc+wx+shape],True
DE-LU,2026-09-23,2026-09-22 06:07:53.651788,2026-09-23 19:00:00,355.8924601489068,lgbm[no-fc+wx+shape],True
DE-LU,2026-09-23,2026-09-22 06:07:53.651788,2026-09-23 02:00:00,213.4552471690552,lgbm[no-fc+wx+shape],True
DE-LU,2026-09-23,2026-09-22 06:07:53.651788,2026-09-23 17:00:00,549.0264892398809,lgbm[no-fc+wx+shape],True
DE-LU,2026-09-23,2026-09-22 08:07:25.558024,2026-09-22 23:00:00,101.93511841290167,lgbm[no-fc+wx+shape],True
DE-LU,2026-09-23,2026-09-22 08:07:25.558024,2026-09-23 00:00:00,204.258416871106,lgbm[no-fc+wx+shape],True
DE-LU,2026-09-23,2026-09-22 08:07:25.558024,2026-09-23 04:00:00,356.58668735091464,lgbm[no-fc+wx+shape],True
DE-LU,2026-09-23,2026-09-22 08:07:25.558024,2026-09-23 10:00:00,129.90327266900155,lgbm[no-fc+wx+shape],True
DE-LU,2026-09-23,2026-09-22 08:07:25.558024,2026-09-23 12:00:00,126.94964253671466,lgbm[no-fc+wx+shape],True
DE-LU,2026-09-23,2026-09-22 08:07:25.558024,2026-09-23 03:00:00,254.3216150197679,lgbm[no-fc+wx+shape],True
DE-LU,2026-09-23,2026-09-22 08:07:25.558024,2026-09-23 08:00:00,202.4033053107409,lgbm[no-fc+wx+shape],True
DE-LU,2026-09-23,2026-09-22 08:07:25.558024,2026-09-23 07:00:00,280.6421686970335,lgbm[no-fc+wx+shape],True
DE-LU,2026-09-23,2026-09-22 08:07:25.558024,2026-09-23 11:00:00,132.64384170077028,lgbm[no-fc+wx+shape],True
DE-LU,2026-09-23,2026-09-22 08:07:25.558024,2026-09-22 22:00:00,113.92450285130036,lgbm[no-fc+wx+shape],True
DE-LU,2026-09-23,2026-09-22 08:07:25.558024,2026-09-23 16:00:00,520.5852807834742,lgbm[no-fc+wx+shape],True
DE-LU,2026-09-23,2026-09-22 08:07:25.558024,2026-09-23 01:00:00,203.3715594884361,lgbm[no-fc+wx+shape],True
DE-LU,2026-09-23,2026-09-22 08:07:25.558024,2026-09-23 20:00:00,270.6006726931722,lgbm[no-fc+wx+shape],True
DE-LU,2026-09-23,2026-09-22 08:07:25.558024,2026-09-23 05:00:00,392.9059212978025,lgbm[no-fc+wx+shape],True
DE-LU,2026-09-23,2026-09-22 08:07:25.558024,2026-09-23 14:00:00,189.11561604671084,lgbm[no-fc+wx+shape],True
DE-LU,2026-09-23,2026-09-22 08:07:25.558024,2026-09-23 15:00:00,337.5258944772413,lgbm[no-fc+wx+shape],True
DE-LU,2026-09-23,2026-09-22 08:07:25.558024,2026-09-23 02:00:00,210.64530470959343,lgbm[no-fc+wx+shape],True
DE-LU,2026-09-23,2026-09-22 08:07:25.558024,2026-09-23 17:00:00,545.6035854645147,lgbm[no-fc+wx+shape],True
DE-LU,2026-09-23,2026-09-22 08:07:25.558024,2026-09-23 13:00:00,143.91882304580997,lgbm[no-fc+wx+shape],True
DE-LU,2026-09-23,2026-09-22 08:07:25.558024,2026-09-23 19:00:00,421.2622668530717,lgbm[no-fc+wx+shape],True
DE-LU,2026-09-23,2026-09-22 08:07:25.558024,2026-09-23 09:00:00,157.86484754293645,lgbm[no-fc+wx+shape],True
DE-LU,2026-09-23,2026-09-22 08:07:25.558024,2026-09-23 06:00:00,355.6741758248198,lgbm[no-fc+wx+shape],True
DE-LU,2026-09-23,2026-09-22 08:07:25.558024,2026-09-23 18:00:00,517.9367707053985,lgbm[no-fc+wx+shape],True
DE-LU,2026-09-23,2026-09-22 08:07:25.558024,2026-09-23 21:00:00,263.4043778619541,lgbm[no-fc+wx+shape],True
DE-LU,2026-09-24,2026-09-23 06:08:00.205332,2026-09-23 22:00:00,245.958089633883,lgbm[no-fc+wx+shape],True
DE-LU,2026-09-24,2026-09-23 06:08:00.205332,2026-09-24 10:00:00,110.63854958995591,lgbm[no-fc+wx+shape],True
DE-LU,2026-09-24,2026-09-23 06:08:00.205332,2026-09-24 12:00:00,117.20254072216215,lgbm[no-fc+wx+shape],True
DE-LU,2026-09-24,2026-09-23 06:08:00.205332,2026-09-24 04:00:00,220.3350569363767,lgbm[no-fc+wx+shape],True
DE-LU,2026-09-24,2026-09-23 06:08:00.205332,2026-09-24 09:00:00,123.74418044737148,lgbm[no-fc+wx+shape],True
DE-LU,2026-09-24,2026-09-23 06:08:00.205332,2026-09-24 19:00:00,220.92411234848623,lgbm[no-fc+wx+shape],True
DE-LU,2026-09-24,2026-09-23 06:08:00.205332,2026-09-24 20:00:00,209.32948144300468,lgbm[no-fc+wx+shape],True
DE-LU,2026-09-24,2026-09-23 06:08:00.205332,2026-09-24 05:00:00,215.04605736948977,lgbm[no-fc+wx+shape],True
DE-LU,2026-09-24,2026-09-23 06:08:00.205332,2026-09-24 06:00:00,207.3986265719765,lgbm[no-fc+wx+shape],True
DE-LU,2026-09-24,2026-09-23 06:08:00.205332,2026-09-24 13:00:00,116.24428475341507,lgbm[no-fc+wx+shape],True
DE-LU,2026-09-24,2026-09-23 06:08:00.205332,2026-09-24 16:00:00,186.93085786528687,lgbm[no-fc+wx+shape],True
DE-LU,2026-09-24,2026-09-23 06:08:00.205332,2026-09-24 21:00:00,198.5209660792817,lgbm[no-fc+wx+shape],True
DE-LU,2026-09-24,2026-09-23 06:08:00.205332,2026-09-24 15:00:00,178.2010427371502,lgbm[no-fc+wx+shape],True
DE-LU,2026-09-24,2026-09-23 06:08:00.205332,2026-09-24 00:00:00,180.17787017387752,lgbm[no-fc+wx+shape],True
DE-LU,2026-09-24,2026-09-23 06:08:00.205332,2026-09-24 01:00:00,176.7757592471227,lgbm[no-fc+wx+shape],True
DE-LU,2026-09-24,2026-09-23 06:08:00.205332,2026-09-24 08:00:00,159.8549684412721,lgbm[no-fc+wx+shape],True
DE-LU,2026-09-24,2026-09-23 06:08:00.205332,2026-09-23 23:00:00,258.5063014245564,lgbm[no-fc+wx+shape],True
DE-LU,2026-09-24,2026-09-23 06:08:00.205332,2026-09-24 14:00:00,143.86116436792406,lgbm[no-fc+wx+shape],True
DE-LU,2026-09-24,2026-09-23 06:08:00.205332,2026-09-24 02:00:00,178.42354561467508,lgbm[no-fc+wx+shape],True
DE-LU,2026-09-24,2026-09-23 06:08:00.205332,2026-09-24 17:00:00,201.07851227369915,lgbm[no-fc+wx+shape],True
DE-LU,2026-09-24,2026-09-23 06:08:00.205332,2026-09-24 03:00:00,182.24560076018253,lgbm[no-fc+wx+shape],True
DE-LU,2026-09-24,2026-09-23 06:08:00.205332,2026-09-24 18:00:00,216.50646863501112,lgbm[no-fc+wx+shape],True
DE-LU,2026-09-24,2026-09-23 06:08:00.205332,2026-09-24 07:00:00,188.14172474175103,lgbm[no-fc+wx+shape],True
DE-LU,2026-09-24,2026-09-23 06:08:00.205332,2026-09-24 11:00:00,109.86968189377494,lgbm[no-fc+wx+shape],True
DE-LU,2026-09-24,2026-09-23 08:07:19.114968,2026-09-24 00:00:00,180.6131962325316,lgbm[no-fc+wx+shape],True
DE-LU,2026-09-24,2026-09-23 08:07:19.114968,2026-09-24 01:00:00,175.54116751192632,lgbm[no-fc+wx+shape],True
DE-LU,2026-09-24,2026-09-23 08:07:19.114968,2026-09-24 08:00:00,154.53892957246404,lgbm[no-fc+wx+shape],True
DE-LU,2026-09-24,2026-09-23 08:07:19.114968,2026-09-24 02:00:00,181.4854509769433,lgbm[no-fc+wx+shape],True
DE-LU,2026-09-24,2026-09-23 08:07:19.114968,2026-09-24 17:00:00,209.32976763021549,lgbm[no-fc+wx+shape],True
DE-LU,2026-09-24,2026-09-23 08:07:19.114968,2026-09-23 23:00:00,250.6291273563213,lgbm[no-fc+wx+shape],True
DE-LU,2026-09-24,2026-09-23 08:07:19.114968,2026-09-24 14:00:00,147.49346704297358,lgbm[no-fc+wx+shape],True
DE-LU,2026-09-24,2026-09-23 08:07:19.114968,2026-09-24 07:00:00,186.4001714866451,lgbm[no-fc+wx+shape],True
DE-LU,2026-09-24,2026-09-23 08:07:19.114968,2026-09-24 11:00:00,117.91179948693916,lgbm[no-fc+wx+shape],True
DE-LU,2026-09-24,2026-09-23 08:07:19.114968,2026-09-24 03:00:00,180.75524479717853,lgbm[no-fc+wx+shape],True
DE-LU,2026-09-24,2026-09-23 08:07:19.114968,2026-09-24 18:00:00,218.13929248511968,lgbm[no-fc+wx+shape],True
DE-LU,2026-09-24,2026-09-23 08:07:19.114968,2026-09-24 04:00:00,216.21189109998875,lgbm[no-fc+wx+shape],True
DE-LU,2026-09-24,2026-09-23 08:07:19.114968,2026-09-24 09:00:00,142.2254688278684,lgbm[no-fc+wx+shape],True
DE-LU,2026-09-24,2026-09-23 08:07:19.114968,2026-09-24 19:00:00,217.54055173174405,lgbm[no-fc+wx+shape],True
DE-LU,2026-09-24,2026-09-23 08:07:19.114968,2026-09-24 20:00:00,205.91049728111915,lgbm[no-fc+wx+shape],True
DE-LU,2026-09-24,2026-09-23 08:07:19.114968,2026-09-23 22:00:00,244.8762793860654,lgbm[no-fc+wx+shape],True
DE-LU,2026-09-24,2026-09-23 08:07:19.114968,2026-09-24 10:00:00,131.70645305156552,lgbm[no-fc+wx+shape],True
DE-LU,2026-09-24,2026-09-23 08:07:19.114968,2026-09-24 12:00:00,112.85059181796676,lgbm[no-fc+wx+shape],True
DE-LU,2026-09-24,2026-09-23 08:07:19.114968,2026-09-24 06:00:00,203.59356228197765,lgbm[no-fc+wx+shape],True
DE-LU,2026-09-24,2026-09-23 08:07:19.114968,2026-09-24 05:00:00,222.61780898727383,lgbm[no-fc+wx+shape],True
DE-LU,2026-09-24,2026-09-23 08:07:19.114968,2026-09-24 21:00:00,191.08496436313123,lgbm[no-fc+wx+shape],True
DE-LU,2026-09-24,2026-09-23 08:07:19.114968,2026-09-24 13:00:00,120.71068013559776,lgbm[no-fc+wx+shape],True
DE-LU,2026-09-24,2026-09-23 08:07:19.114968,2026-09-24 16:00:00,189.86125185634907,lgbm[no-fc+wx+shape],True
DE-LU,2026-09-24,2026-09-23 08:07:19.114968,2026-09-24 15:00:00,176.7258080383175,lgbm[no-fc+wx+shape],True
DE-LU,2026-09-25,2026-09-24 06:08:04.432837,2026-09-25 00:00:00,132.43369027336496,lgbm[no-fc+wx+shape],True
DE-LU,2026-09-25,2026-09-24 06:08:04.432837,2026-09-25 13:00:00,81.37869213655497,lgbm[no-fc+wx+shape],True
DE-LU,2026-09-25,2026-09-24 06:08:04.432837,2026-09-25 10:00:00,59.1363698325,lgbm[no-fc+wx+shape],True
DE-LU,2026-09-25,2026-09-24 06:08:04.432837,2026-09-25 05:00:00,197.02800221149587,lgbm[no-fc+wx+shape],True
DE-LU,2026-09-25,2026-09-24 06:08:04.432837,2026-09-25 07:00:00,154.0800748851549,lgbm[no-fc+wx+shape],True
DE-LU,2026-09-25,2026-09-24 06:08:04.432837,2026-09-25 17:00:00,331.38184796287067,lgbm[no-fc+wx+shape],True
DE-LU,2026-09-25,2026-09-24 06:08:04.432837,2026-09-24 22:00:00,177.7141303821416,lgbm[no-fc+wx+shape],True
DE-LU,2026-09-25,2026-09-24 06:08:04.432837,2026-09-25 19:00:00,206.63089942251395,lgbm[no-fc+wx+shape],True
DE-LU,2026-09-25,2026-09-24 06:08:04.432837,2026-09-25 08:00:00,110.83893630403784,lgbm[no-fc+wx+shape],True
DE-LU,2026-09-25,2026-09-24 06:08:04.432837,2026-09-25 09:00:00,92.3044080239807,lgbm[no-fc+wx+shape],True
DE-LU,2026-09-25,2026-09-24 06:08:04.432837,2026-09-25 21:00:00,147.80186435077638,lgbm[no-fc+wx+shape],True
DE-LU,2026-09-25,2026-09-24 06:08:04.432837,2026-09-25 11:00:00,56.418013388098814,lgbm[no-fc+wx+shape],True
DE-LU,2026-09-25,2026-09-24 06:08:04.432837,2026-09-25 12:00:00,58.49369164626981,lgbm[no-fc+wx+shape],True
DE-LU,2026-09-25,2026-09-24 06:08:04.432837,2026-09-25 18:00:00,268.5862607712387,lgbm[no-fc+wx+shape],True
DE-LU,2026-09-25,2026-09-24 06:08:04.432837,2026-09-24 23:00:00,169.95623153189328,lgbm[no-fc+wx+shape],True
DE-LU,2026-09-25,2026-09-24 06:08:04.432837,2026-09-25 01:00:00,130.07810671059562,lgbm[no-fc+wx+shape],True
DE-LU,2026-09-25,2026-09-24 06:08:04.432837,2026-09-25 02:00:00,130.08853809452023,lgbm[no-fc+wx+shape],True
DE-LU,2026-09-25,2026-09-24 06:08:04.432837,2026-09-25 03:00:00,141.1588750242059,lgbm[no-fc+wx+shape],True
DE-LU,2026-09-25,2026-09-24 06:08:04.432837,2026-09-25 14:00:00,105.7984236880774,lgbm[no-fc+wx+shape],True
DE-LU,2026-09-25,2026-09-24 06:08:04.432837,2026-09-25 16:00:00,273.11791120260244,lgbm[no-fc+wx+shape],True
DE-LU,2026-09-25,2026-09-24 06:08:04.432837,2026-09-25 20:00:00,151.50495195364897,lgbm[no-fc+wx+shape],True
DE-LU,2026-09-25,2026-09-24 06:08:04.432837,2026-09-25 06:00:00,202.7433790460098,lgbm[no-fc+wx+shape],True
DE-LU,2026-09-25,2026-09-24 06:08:04.432837,2026-09-25 15:00:00,164.93601978684092,lgbm[no-fc+wx+shape],True
DE-LU,2026-09-25,2026-09-24 06:08:04.432837,2026-09-25 04:00:00,173.02986084112183,lgbm[no-fc+wx+shape],True
DE-LU,2026-09-25,2026-09-24 08:07:26.049703,2026-09-25 00:00:00,134.98895166647213,lgbm[no-fc+wx+shape],True
DE-LU,2026-09-25,2026-09-24 08:07:26.049703,2026-09-25 13:00:00,79.22220837687098,lgbm[no-fc+wx+shape],True
DE-LU,2026-09-25,2026-09-24 08:07:26.049703,2026-09-25 10:00:00,60.74319979317549,lgbm[no-fc+wx+shape],True
DE-LU,2026-09-25,2026-09-24 08:07:26.049703,2026-09-24 22:00:00,179.66469323013368,lgbm[no-fc+wx+shape],True
DE-LU,2026-09-25,2026-09-24 08:07:26.049703,2026-09-25 19:00:00,182.6300309605009,lgbm[no-fc+wx+shape],True
DE-LU,2026-09-25,2026-09-24 08:07:26.049703,2026-09-25 05:00:00,193.00209051761087,lgbm[no-fc+wx+shape],True
DE-LU,2026-09-25,2026-09-24 08:07:26.049703,2026-09-25 07:00:00,151.64190127162396,lgbm[no-fc+wx+shape],True
DE-LU,2026-09-25,2026-09-24 08:07:26.049703,2026-09-25 17:00:00,292.1588685947858,lgbm[no-fc+wx+shape],True
DE-LU,2026-09-25,2026-09-24 08:07:26.049703,2026-09-25 08:00:00,112.74575382546948,lgbm[no-fc+wx+shape],True
DE-LU,2026-09-25,2026-09-24 08:07:26.049703,2026-09-25 09:00:00,94.38291749094378,lgbm[no-fc+wx+shape],True
DE-LU,2026-09-25,2026-09-24 08:07:26.049703,2026-09-25 11:00:00,52.269892789127965,lgbm[no-fc+wx+shape],True
DE-LU,2026-09-25,2026-09-24 08:07:26.049703,2026-09-25 21:00:00,142.93569437879614,lgbm[no-fc+wx+shape],True
DE-LU,2026-09-25,2026-09-24 08:07:26.049703,2026-09-25 18:00:00,269.9171285083128,lgbm[no-fc+wx+shape],True
DE-LU,2026-09-25,2026-09-24 08:07:26.049703,2026-09-25 12:00:00,52.479421060654005,lgbm[no-fc+wx+shape],True
DE-LU,2026-09-25,2026-09-24 08:07:26.049703,2026-09-25 20:00:00,150.3372779114022,lgbm[no-fc+wx+shape],True
DE-LU,2026-09-25,2026-09-24 08:07:26.049703,2026-09-24 23:00:00,170.5098335993424,lgbm[no-fc+wx+shape],True
DE-LU,2026-09-25,2026-09-24 08:07:26.049703,2026-09-25 01:00:00,130.41964012944644,lgbm[no-fc+wx+shape],True
DE-LU,2026-09-25,2026-09-24 08:07:26.049703,2026-09-25 02:00:00,130.61291230153117,lgbm[no-fc+wx+shape],True
DE-LU,2026-09-25,2026-09-24 08:07:26.049703,2026-09-25 03:00:00,140.84037312064223,lgbm[no-fc+wx+shape],True
DE-LU,2026-09-25,2026-09-24 08:07:26.049703,2026-09-25 14:00:00,104.95389137776492,lgbm[no-fc+wx+shape],True
DE-LU,2026-09-25,2026-09-24 08:07:26.049703,2026-09-25 16:00:00,260.2275541464619,lgbm[no-fc+wx+shape],True
DE-LU,2026-09-25,2026-09-24 08:07:26.049703,2026-09-25 04:00:00,169.9855177888295,lgbm[no-fc+wx+shape],True
DE-LU,2026-09-25,2026-09-24 08:07:26.049703,2026-09-25 06:00:00,199.07160220594125,lgbm[no-fc+wx+shape],True
DE-LU,2026-09-25,2026-09-24 08:07:26.049703,2026-09-25 15:00:00,162.92671616431403,lgbm[no-fc+wx+shape],True
DE-LU,2026-09-26,2026-09-25 06:07:39.376617,2026-09-26 10:00:00,67.89061737627308,lgbm[no-fc+wx+shape],True
DE-LU,2026-09-26,2026-09-25 06:07:39.376617,2026-09-26 11:00:00,57.428956769639726,lgbm[no-fc+wx+shape],True
DE-LU,2026-09-26,2026-09-25 06:07:39.376617,2026-09-25 22:00:00,167.91819840177442,lgbm[no-fc+wx+shape],True
DE-LU,2026-09-26,2026-09-25 06:07:39.376617,2026-09-26 06:00:00,194.74878123600072,lgbm[no-fc+wx+shape],True
DE-LU,2026-09-26,2026-09-25 06:07:39.376617,2026-09-26 04:00:00,199.73130115968843,lgbm[no-fc+wx+shape],True
DE-LU,2026-09-26,2026-09-25 06:07:39.376617,2026-09-26 12:00:00,55.81781547133815,lgbm[no-fc+wx+shape],True
DE-LU,2026-09-26,2026-09-25 06:07:39.376617,2026-09-26 18:00:00,256.954991277438,lgbm[no-fc+wx+shape],True
DE-LU,2026-09-26,2026-09-25 06:07:39.376617,2026-09-26 21:00:00,210.1484191402033,lgbm[no-fc+wx+shape],True
DE-LU,2026-09-26,2026-09-25 06:07:39.376617,2026-09-26 08:00:00,148.00539138452388,lgbm[no-fc+wx+shape],True
DE-LU,2026-09-26,2026-09-25 06:07:39.376617,2026-09-26 03:00:00,194.5769371410343,lgbm[no-fc+wx+shape],True
DE-LU,2026-09-26,2026-09-25 06:07:39.376617,2026-09-26 20:00:00,219.8282965838843,lgbm[no-fc+wx+shape],True
DE-LU,2026-09-26,2026-09-25 06:07:39.376617,2026-09-26 17:00:00,344.2219463532282,lgbm[no-fc+wx+shape],True
DE-LU,2026-09-26,2026-09-25 06:07:39.376617,2026-09-26 19:00:00,220.5368224212513,lgbm[no-fc+wx+shape],True
DE-LU,2026-09-26,2026-09-25 06:07:39.376617,2026-09-25 23:00:00,166.80805578409257,lgbm[no-fc+wx+shape],True
DE-LU,2026-09-26,2026-09-25 06:07:39.376617,2026-09-26 14:00:00,117.72999477653111,lgbm[no-fc+wx+shape],True
DE-LU,2026-09-26,2026-09-25 06:07:39.376617,2026-09-26 00:00:00,196.68022998770545,lgbm[no-fc+wx+shape],True
DE-LU,2026-09-26,2026-09-25 06:07:39.376617,2026-09-26 01:00:00,192.89795163505147,lgbm[no-fc+wx+shape],True
DE-LU,2026-09-26,2026-09-25 06:07:39.376617,2026-09-26 05:00:00,199.19753102767967,lgbm[no-fc+wx+shape],True
DE-LU,2026-09-26,2026-09-25 06:07:39.376617,2026-09-26 09:00:00,99.22818650221136,lgbm[no-fc+wx+shape],True
DE-LU,2026-09-26,2026-09-25 06:07:39.376617,2026-09-26 13:00:00,81.26170404091981,lgbm[no-fc+wx+shape],True
DE-LU,2026-09-26,2026-09-25 06:07:39.376617,2026-09-26 16:00:00,231.95554046809752,lgbm[no-fc+wx+shape],True
DE-LU,2026-09-26,2026-09-25 06:07:39.376617,2026-09-26 02:00:00,192.58148464756763,lgbm[no-fc+wx+shape],True
DE-LU,2026-09-26,2026-09-25 06:07:39.376617,2026-09-26 07:00:00,178.04536010680638,lgbm[no-fc+wx+shape],True
DE-LU,2026-09-26,2026-09-25 06:07:39.376617,2026-09-26 15:00:00,192.8728903954917,lgbm[no-fc+wx+shape],True
DE-LU,2026-09-26,2026-09-25 08:07:13.472415,2026-09-26 16:00:00,262.53539463867537,lgbm[no-fc+wx+shape],True
DE-LU,2026-09-26,2026-09-25 08:07:13.472415,2026-09-26 02:00:00,192.3532640614692,lgbm[no-fc+wx+shape],True
DE-LU,2026-09-26,2026-09-25 08:07:13.472415,2026-09-26 07:00:00,178.18497527950566,lgbm[no-fc+wx+shape],True
DE-LU,2026-09-26,2026-09-25 08:07:13.472415,2026-09-26 15:00:00,206.1277014464453,lgbm[no-fc+wx+shape],True
DE-LU,2026-09-26,2026-09-25 08:07:13.472415,2026-09-25 23:00:00,167.80073388006645,lgbm[no-fc+wx+shape],True
DE-LU,2026-09-26,2026-09-25 08:07:13.472415,2026-09-26 14:00:00,124.03090890674171,lgbm[no-fc+wx+shape],True
DE-LU,2026-09-26,2026-09-25 08:07:13.472415,2026-09-26 00:00:00,198.38882606207423,lgbm[no-fc+wx+shape],True
DE-LU,2026-09-26,2026-09-25 08:07:13.472415,2026-09-26 01:00:00,192.82374935709709,lgbm[no-fc+wx+shape],True
DE-LU,2026-09-26,2026-09-25 08:07:13.472415,2026-09-26 05:00:00,197.6945567016476,lgbm[no-fc+wx+shape],True
DE-LU,2026-09-26,2026-09-25 08:07:13.472415,2026-09-26 09:00:00,102.76184003270808,lgbm[no-fc+wx+shape],True
DE-LU,2026-09-26,2026-09-25 08:07:13.472415,2026-09-26 13:00:00,88.75144968547947,lgbm[no-fc+wx+shape],True
DE-LU,2026-09-26,2026-09-25 08:07:13.472415,2026-09-26 08:00:00,141.14497359545143,lgbm[no-fc+wx+shape],True
DE-LU,2026-09-26,2026-09-25 08:07:13.472415,2026-09-26 03:00:00,195.2510569342817,lgbm[no-fc+wx+shape],True
DE-LU,2026-09-26,2026-09-25 08:07:13.472415,2026-09-26 20:00:00,217.99280216439004,lgbm[no-fc+wx+shape],True
DE-LU,2026-09-26,2026-09-25 08:07:13.472415,2026-09-26 17:00:00,362.4280118813383,lgbm[no-fc+wx+shape],True
DE-LU,2026-09-26,2026-09-25 08:07:13.472415,2026-09-26 19:00:00,216.6890654355008,lgbm[no-fc+wx+shape],True
DE-LU,2026-09-26,2026-09-25 08:07:13.472415,2026-09-26 10:00:00,79.41626682711247,lgbm[no-fc+wx+shape],True
DE-LU,2026-09-26,2026-09-25 08:07:13.472415,2026-09-26 11:00:00,55.84742953745807,lgbm[no-fc+wx+shape],True
DE-LU,2026-09-26,2026-09-25 08:07:13.472415,2026-09-25 22:00:00,173.191662175661,lgbm[no-fc+wx+shape],True
DE-LU,2026-09-26,2026-09-25 08:07:13.472415,2026-09-26 06:00:00,195.8030822419706,lgbm[no-fc+wx+shape],True
DE-LU,2026-09-26,2026-09-25 08:07:13.472415,2026-09-26 04:00:00,198.4544575226542,lgbm[no-fc+wx+shape],True
DE-LU,2026-09-26,2026-09-25 08:07:13.472415,2026-09-26 12:00:00,63.29623306667543,lgbm[no-fc+wx+shape],True
DE-LU,2026-09-26,2026-09-25 08:07:13.472415,2026-09-26 18:00:00,271.1679110255691,lgbm[no-fc+wx+shape],True
DE-LU,2026-09-26,2026-09-25 08:07:13.472415,2026-09-26 21:00:00,208.36141486660827,lgbm[no-fc+wx+shape],True
DE-LU,2026-09-27,2026-09-26 06:07:46.833219,2026-09-27 18:00:00,172.84223540030388,lgbm[no-fc+wx+shape],True
DE-LU,2026-09-27,2026-09-26 06:07:46.833219,2026-09-27 04:00:00,156.69033856197694,lgbm[no-fc+wx+shape],True
DE-LU,2026-09-27,2026-09-26 06:07:46.833219,2026-09-27 15:00:00,148.2758677479975,lgbm[no-fc+wx+shape],True
DE-LU,2026-09-27,2026-09-26 06:07:46.833219,2026-09-27 14:00:00,93.84394451402818,lgbm[no-fc+wx+shape],True
DE-LU,2026-09-27,2026-09-26 06:07:46.833219,2026-09-27 09:00:00,66.31530825277856,lgbm[no-fc+wx+shape],True
DE-LU,2026-09-27,2026-09-26 06:07:46.833219,2026-09-27 10:00:00,39.58900625430502,lgbm[no-fc+wx+shape],True
DE-LU,2026-09-27,2026-09-26 06:07:46.833219,2026-09-27 05:00:00,156.25825620387698,lgbm[no-fc+wx+shape],True
DE-LU,2026-09-27,2026-09-26 06:07:46.833219,2026-09-27 06:00:00,154.33169249654193,lgbm[no-fc+wx+shape],True
DE-LU,2026-09-27,2026-09-26 06:07:46.833219,2026-09-27 07:00:00,131.72735130638645,lgbm[no-fc+wx+shape],True
DE-LU,2026-09-27,2026-09-26 06:07:46.833219,2026-09-27 11:00:00,36.6624167296097,lgbm[no-fc+wx+shape],True
DE-LU,2026-09-27,2026-09-26 06:07:46.833219,2026-09-27 13:00:00,57.12133796359977,lgbm[no-fc+wx+shape],True
DE-LU,2026-09-27,2026-09-26 06:07:46.833219,2026-09-27 17:00:00,174.47895464180604,lgbm[no-fc+wx+shape],True
DE-LU,2026-09-27,2026-09-26 06:07:46.833219,2026-09-27 00:00:00,164.47933709379924,lgbm[no-fc+wx+shape],True
DE-LU,2026-09-27,2026-09-26 06:07:46.833219,2026-09-27 03:00:00,152.6749939645928,lgbm[no-fc+wx+shape],True
DE-LU,2026-09-27,2026-09-26 06:07:46.833219,2026-09-27 20:00:00,171.19336745154342,lgbm[no-fc+wx+shape],True
DE-LU,2026-09-27,2026-09-26 06:07:46.833219,2026-09-27 21:00:00,158.6020531902666,lgbm[no-fc+wx+shape],True
DE-LU,2026-09-27,2026-09-26 06:07:46.833219,2026-09-27 19:00:00,170.86515414012257,lgbm[no-fc+wx+shape],True
DE-LU,2026-09-27,2026-09-26 06:07:46.833219,2026-09-27 01:00:00,162.94253837256315,lgbm[no-fc+wx+shape],True
DE-LU,2026-09-27,2026-09-26 06:07:46.833219,2026-09-27 08:00:00,99.2249238064416,lgbm[no-fc+wx+shape],True
DE-LU,2026-09-27,2026-09-26 06:07:46.833219,2026-09-26 22:00:00,218.3442551363467,lgbm[no-fc+wx+shape],True
DE-LU,2026-09-27,2026-09-26 06:07:46.833219,2026-09-26 23:00:00,209.7679932007412,lgbm[no-fc+wx+shape],True
DE-LU,2026-09-27,2026-09-26 06:07:46.833219,2026-09-27 16:00:00,173.94211715413508,lgbm[no-fc+wx+shape],True
DE-LU,2026-09-27,2026-09-26 06:07:46.833219,2026-09-27 02:00:00,157.74579057568943,lgbm[no-fc+wx+shape],True
DE-LU,2026-09-27,2026-09-26 06:07:46.833219,2026-09-27 12:00:00,37.37672084610895,lgbm[no-fc+wx+shape],True
DE-LU,2026-09-27,2026-09-26 08:08:12.410650,2026-09-27 19:00:00,171.95478773855433,lgbm[no-fc+wx+shape],True
DE-LU,2026-09-27,2026-09-26 08:08:12.410650,2026-09-27 00:00:00,167.90205677627608,lgbm[no-fc+wx+shape],True
DE-LU,2026-09-27,2026-09-26 08:08:12.410650,2026-09-27 03:00:00,156.03732726620123,lgbm[no-fc+wx+shape],True
DE-LU,2026-09-27,2026-09-26 08:08:12.410650,2026-09-27 20:00:00,177.49839462900854,lgbm[no-fc+wx+shape],True
DE-LU,2026-09-27,2026-09-26 08:08:12.410650,2026-09-27 21:00:00,173.99899357888214,lgbm[no-fc+wx+shape],True
DE-LU,2026-09-27,2026-09-26 08:08:12.410650,2026-09-27 11:00:00,36.827267919780525,lgbm[no-fc+wx+shape],True
DE-LU,2026-09-27,2026-09-26 08:08:12.410650,2026-09-27 13:00:00,54.04607396277622,lgbm[no-fc+wx+shape],True
DE-LU,2026-09-27,2026-09-26 08:08:12.410650,2026-09-27 17:00:00,177.5269202139264,lgbm[no-fc+wx+shape],True
DE-LU,2026-09-27,2026-09-26 08:08:12.410650,2026-09-27 02:00:00,156.98882211495646,lgbm[no-fc+wx+shape],True
DE-LU,2026-09-27,2026-09-26 08:08:12.410650,2026-09-27 12:00:00,39.47690078602362,lgbm[no-fc+wx+shape],True
DE-LU,2026-09-27,2026-09-26 08:08:12.410650,2026-09-26 22:00:00,225.195366896034,lgbm[no-fc+wx+shape],True
DE-LU,2026-09-27,2026-09-26 08:08:12.410650,2026-09-26 23:00:00,212.4037737181844,lgbm[no-fc+wx+shape],True
DE-LU,2026-09-27,2026-09-26 08:08:12.410650,2026-09-27 16:00:00,179.6126628646379,lgbm[no-fc+wx+shape],True
DE-LU,2026-09-27,2026-09-26 08:08:12.410650,2026-09-27 01:00:00,163.73629774791294,lgbm[no-fc+wx+shape],True
DE-LU,2026-09-27,2026-09-26 08:08:12.410650,2026-09-27 08:00:00,104.4014584113914,lgbm[no-fc+wx+shape],True
DE-LU,2026-09-27,2026-09-26 08:08:12.410650,2026-09-27 14:00:00,91.63183108513428,lgbm[no-fc+wx+shape],True
DE-LU,2026-09-27,2026-09-26 08:08:12.410650,2026-09-27 15:00:00,148.70335560145466,lgbm[no-fc+wx+shape],True
DE-LU,2026-09-27,2026-09-26 08:08:12.410650,2026-09-27 04:00:00,155.21944273796143,lgbm[no-fc+wx+shape],True
DE-LU,2026-09-27,2026-09-26 08:08:12.410650,2026-09-27 18:00:00,173.65621588548987,lgbm[no-fc+wx+shape],True
DE-LU,2026-09-27,2026-09-26 08:08:12.410650,2026-09-27 07:00:00,134.97055308292948,lgbm[no-fc+wx+shape],True
DE-LU,2026-09-27,2026-09-26 08:08:12.410650,2026-09-27 05:00:00,157.57013643138976,lgbm[no-fc+wx+shape],True
DE-LU,2026-09-27,2026-09-26 08:08:12.410650,2026-09-27 06:00:00,151.44206451786476,lgbm[no-fc+wx+shape],True
DE-LU,2026-09-27,2026-09-26 08:08:12.410650,2026-09-27 09:00:00,57.50258631572716,lgbm[no-fc+wx+shape],True
DE-LU,2026-09-27,2026-09-26 08:08:12.410650,2026-09-27 10:00:00,40.6446959903228,lgbm[no-fc+wx+shape],True
DE-LU,2026-09-28,2026-09-27 06:07:49.096519,2026-09-28 21:00:00,119.72636475698256,lgbm[no-fc+wx+shape],True
DE-LU,2026-09-28,2026-09-27 06:07:49.096519,2026-09-28 02:00:00,96.51673350439978,lgbm[no-fc+wx+shape],True
DE-LU,2026-09-28,2026-09-27 06:07:49.096519,2026-09-28 16:00:00,221.4548214909112,lgbm[no-fc+wx+shape],True
DE-LU,2026-09-28,2026-09-27 06:07:49.096519,2026-09-28 08:00:00,63.15337640371655,lgbm[no-fc+wx+shape],True
DE-LU,2026-09-28,2026-09-27 06:07:49.096519,2026-09-28 04:00:00,127.48575652102645,lgbm[no-fc+wx+shape],True
DE-LU,2026-09-28,2026-09-27 06:07:49.096519,2026-09-28 18:00:00,208.90975084473115,lgbm[no-fc+wx+shape],True
DE-LU,2026-09-28,2026-09-27 06:07:49.096519,2026-09-28 00:00:00,97.24447612693024,lgbm[no-fc+wx+shape],True
DE-LU,2026-09-28,2026-09-27 06:07:49.096519,2026-09-28 03:00:00,111.40267835303273,lgbm[no-fc+wx+shape],True
DE-LU,2026-09-28,2026-09-27 06:07:49.096519,2026-09-28 13:00:00,33.33734585436831,lgbm[no-fc+wx+shape],True
DE-LU,2026-09-28,2026-09-27 06:07:49.096519,2026-09-28 17:00:00,250.1889987155901,lgbm[no-fc+wx+shape],True
DE-LU,2026-09-28,2026-09-27 06:07:49.096519,2026-09-27 23:00:00,143.0343304036266,lgbm[no-fc+wx+shape],True
DE-LU,2026-09-28,2026-09-27 06:07:49.096519,2026-09-28 14:00:00,61.45298317213026,lgbm[no-fc+wx+shape],True
DE-LU,2026-09-28,2026-09-27 06:07:49.096519,2026-09-28 20:00:00,141.0607996895742,lgbm[no-fc+wx+shape],True
DE-LU,2026-09-28,2026-09-27 06:07:49.096519,2026-09-28 19:00:00,160.25815977957012,lgbm[no-fc+wx+shape],True
DE-LU,2026-09-28,2026-09-27 06:07:49.096519,2026-09-28 06:00:00,149.00891236397698,lgbm[no-fc+wx+shape],True
DE-LU,2026-09-28,2026-09-27 06:07:49.096519,2026-09-28 01:00:00,94.96762602143562,lgbm[no-fc+wx+shape],True
DE-LU,2026-09-28,2026-09-27 06:07:49.096519,2026-09-28 09:00:00,37.4718234123541,lgbm[no-fc+wx+shape],True
DE-LU,2026-09-28,2026-09-27 06:07:49.096519,2026-09-28 12:00:00,10.281488858504076,lgbm[no-fc+wx+shape],True
DE-LU,2026-09-28,2026-09-27 06:07:49.096519,2026-09-27 22:00:00,151.82999225673714,lgbm[no-fc+wx+shape],True
DE-LU,2026-09-28,2026-09-27 06:07:49.096519,2026-09-28 05:00:00,153.03366758226332,lgbm[no-fc+wx+shape],True
DE-LU,2026-09-28,2026-09-27 06:07:49.096519,2026-09-28 07:00:00,105.57143788321795,lgbm[no-fc+wx+shape],True
DE-LU,2026-09-28,2026-09-27 06:07:49.096519,2026-09-28 10:00:00,21.43236672487125,lgbm[no-fc+wx+shape],True
DE-LU,2026-09-28,2026-09-27 06:07:49.096519,2026-09-28 11:00:00,5.945229067635879,lgbm[no-fc+wx+shape],True
DE-LU,2026-09-28,2026-09-27 06:07:49.096519,2026-09-28 15:00:00,144.4216901200394,lgbm[no-fc+wx+shape],True
DE-LU,2026-09-28,2026-09-27 08:06:52.883862,2026-09-28 08:00:00,62.71823442804083,lgbm[no-fc+wx+shape],True
DE-LU,2026-09-28,2026-09-27 08:06:52.883862,2026-09-28 04:00:00,128.39241878017015,lgbm[no-fc+wx+shape],True
DE-LU,2026-09-28,2026-09-27 08:06:52.883862,2026-09-28 18:00:00,192.7015818290418,lgbm[no-fc+wx+shape],True
DE-LU,2026-09-28,2026-09-27 08:06:52.883862,2026-09-28 00:00:00,97.61795741874217,lgbm[no-fc+wx+shape],True
DE-LU,2026-09-28,2026-09-27 08:06:52.883862,2026-09-28 03:00:00,109.08219077679716,lgbm[no-fc+wx+shape],True
DE-LU,2026-09-28,2026-09-27 08:06:52.883862,2026-09-28 13:00:00,31.53652649533377,lgbm[no-fc+wx+shape],True
DE-LU,2026-09-28,2026-09-27 08:06:52.883862,2026-09-28 17:00:00,245.83806000765333,lgbm[no-fc+wx+shape],True
DE-LU,2026-09-28,2026-09-27 08:06:52.883862,2026-09-28 21:00:00,121.91490327344783,lgbm[no-fc+wx+shape],True
DE-LU,2026-09-28,2026-09-27 08:06:52.883862,2026-09-28 02:00:00,96.22632802255332,lgbm[no-fc+wx+shape],True
DE-LU,2026-09-28,2026-09-27 08:06:52.883862,2026-09-28 16:00:00,244.4441681924194,lgbm[no-fc+wx+shape],True
DE-LU,2026-09-28,2026-09-27 08:06:52.883862,2026-09-28 06:00:00,144.615831483617,lgbm[no-fc+wx+shape],True
DE-LU,2026-09-28,2026-09-27 08:06:52.883862,2026-09-28 01:00:00,94.89076687768672,lgbm[no-fc+wx+shape],True
DE-LU,2026-09-28,2026-09-27 08:06:52.883862,2026-09-28 09:00:00,38.42566303918733,lgbm[no-fc+wx+shape],True
DE-LU,2026-09-28,2026-09-27 08:06:52.883862,2026-09-28 12:00:00,11.300285029079587,lgbm[no-fc+wx+shape],True
DE-LU,2026-09-28,2026-09-27 08:06:52.883862,2026-09-27 22:00:00,151.79759436752198,lgbm[no-fc+wx+shape],True
DE-LU,2026-09-28,2026-09-27 08:06:52.883862,2026-09-28 05:00:00,149.2555210327222,lgbm[no-fc+wx+shape],True
DE-LU,2026-09-28,2026-09-27 08:06:52.883862,2026-09-28 07:00:00,104.00502648100884,lgbm[no-fc+wx+shape],True
DE-LU,2026-09-28,2026-09-27 08:06:52.883862,2026-09-28 10:00:00,12.181283501445918,lgbm[no-fc+wx+shape],True
DE-LU,2026-09-28,2026-09-27 08:06:52.883862,2026-09-28 11:00:00,6.881011612287665,lgbm[no-fc+wx+shape],True
DE-LU,2026-09-28,2026-09-27 08:06:52.883862,2026-09-28 15:00:00,144.50989779789396,lgbm[no-fc+wx+shape],True
DE-LU,2026-09-28,2026-09-27 08:06:52.883862,2026-09-27 23:00:00,141.8092720118823,lgbm[no-fc+wx+shape],True
DE-LU,2026-09-28,2026-09-27 08:06:52.883862,2026-09-28 14:00:00,74.60714991725368,lgbm[no-fc+wx+shape],True
DE-LU,2026-09-28,2026-09-27 08:06:52.883862,2026-09-28 20:00:00,141.99552631553914,lgbm[no-fc+wx+shape],True
DE-LU,2026-09-28,2026-09-27 08:06:52.883862,2026-09-28 19:00:00,160.00036103509916,lgbm[no-fc+wx+shape],True
DE-LU,2026-09-29,2026-09-28 06:08:48.492863,2026-09-29 00:00:00,186.0505759157296,lgbm[no-fc+wx+shape],True
DE-LU,2026-09-29,2026-09-28 06:08:48.492863,2026-09-29 12:00:00,116.9669782814921,lgbm[no-fc+wx+shape],True
DE-LU,2026-09-29,2026-09-28 06:08:48.492863,2026-09-29 18:00:00,242.34087039655773,lgbm[no-fc+wx+shape],True
DE-LU,2026-09-29,2026-09-28 06:08:48.492863,2026-09-29 03:00:00,199.8916421286063,lgbm[no-fc+wx+shape],True
DE-LU,2026-09-29,2026-09-28 06:08:48.492863,2026-09-29 16:00:00,259.3685899850753,lgbm[no-fc+wx+shape],True
DE-LU,2026-09-29,2026-09-28 06:08:48.492863,2026-09-29 19:00:00,227.2295187071421,lgbm[no-fc+wx+shape],True
DE-LU,2026-09-29,2026-09-28 06:08:48.492863,2026-09-29 02:00:00,187.9331449009757,lgbm[no-fc+wx+shape],True
DE-LU,2026-09-29,2026-09-28 06:08:48.492863,2026-09-28 22:00:00,95.1365216528127,lgbm[no-fc+wx+shape],True
DE-LU,2026-09-29,2026-09-28 06:08:48.492863,2026-09-29 10:00:00,115.04032859657691,lgbm[no-fc+wx+shape],True
DE-LU,2026-09-29,2026-09-28 06:08:48.492863,2026-09-29 21:00:00,196.1397437319675,lgbm[no-fc+wx+shape],True
DE-LU,2026-09-29,2026-09-28 06:08:48.492863,2026-09-29 15:00:00,261.5366242307502,lgbm[no-fc+wx+shape],True
DE-LU,2026-09-29,2026-09-28 06:08:48.492863,2026-09-29 13:00:00,137.52802983570382,lgbm[no-fc+wx+shape],True
DE-LU,2026-09-29,2026-09-28 06:08:48.492863,2026-09-29 01:00:00,185.56158257330063,lgbm[no-fc+wx+shape],True
DE-LU,2026-09-29,2026-09-28 06:08:48.492863,2026-09-29 17:00:00,259.6486172810775,lgbm[no-fc+wx+shape],True
DE-LU,2026-09-29,2026-09-28 06:08:48.492863,2026-09-28 23:00:00,94.48880597138836,lgbm[no-fc+wx+shape],True
DE-LU,2026-09-29,2026-09-28 06:08:48.492863,2026-09-29 04:00:00,230.85646330657988,lgbm[no-fc+wx+shape],True
DE-LU,2026-09-29,2026-09-28 06:08:48.492863,2026-09-29 05:00:00,257.3724459111429,lgbm[no-fc+wx+shape],True
DE-LU,2026-09-29,2026-09-28 06:08:48.492863,2026-09-29 07:00:00,211.6602938785066,lgbm[no-fc+wx+shape],True
DE-LU,2026-09-29,2026-09-28 06:08:48.492863,2026-09-29 20:00:00,208.18736454275088,lgbm[no-fc+wx+shape],True
DE-LU,2026-09-29,2026-09-28 06:08:48.492863,2026-09-29 11:00:00,116.27601693122834,lgbm[no-fc+wx+shape],True
DE-LU,2026-09-29,2026-09-28 06:08:48.492863,2026-09-29 09:00:00,141.55890041885172,lgbm[no-fc+wx+shape],True
DE-LU,2026-09-29,2026-09-28 06:08:48.492863,2026-09-29 14:00:00,167.89269389764982,lgbm[no-fc+wx+shape],True
DE-LU,2026-09-29,2026-09-28 06:08:48.492863,2026-09-29 06:00:00,253.03591299301283,lgbm[no-fc+wx+shape],True
DE-LU,2026-09-29,2026-09-28 06:08:48.492863,2026-09-29 08:00:00,169.5114019838632,lgbm[no-fc+wx+shape],True
DE-LU,2026-09-29,2026-09-28 08:09:40.517839,2026-09-29 04:00:00,226.6133325178264,lgbm[no-fc+wx+shape],True
DE-LU,2026-09-29,2026-09-28 08:09:40.517839,2026-09-29 05:00:00,248.04705248897963,lgbm[no-fc+wx+shape],True
DE-LU,2026-09-29,2026-09-28 08:09:40.517839,2026-09-29 07:00:00,204.1228040348417,lgbm[no-fc+wx+shape],True
DE-LU,2026-09-29,2026-09-28 08:09:40.517839,2026-09-29 20:00:00,206.3465985187608,lgbm[no-fc+wx+shape],True
DE-LU,2026-09-29,2026-09-28 08:09:40.517839,2026-09-29 01:00:00,180.27927762609065,lgbm[no-fc+wx+shape],True
DE-LU,2026-09-29,2026-09-28 08:09:40.517839,2026-09-29 17:00:00,247.2373228596149,lgbm[no-fc+wx+shape],True
DE-LU,2026-09-29,2026-09-28 08:09:40.517839,2026-09-28 23:00:00,91.41546890815698,lgbm[no-fc+wx+shape],True
DE-LU,2026-09-29,2026-09-28 08:09:40.517839,2026-09-29 14:00:00,172.6956689105748,lgbm[no-fc+wx+shape],True
DE-LU,2026-09-29,2026-09-28 08:09:40.517839,2026-09-29 06:00:00,240.516754996914,lgbm[no-fc+wx+shape],True
DE-LU,2026-09-29,2026-09-28 08:09:40.517839,2026-09-29 08:00:00,162.85749994918783,lgbm[no-fc+wx+shape],True
DE-LU,2026-09-29,2026-09-28 08:09:40.517839,2026-09-29 11:00:00,108.05674369555544,lgbm[no-fc+wx+shape],True
DE-LU,2026-09-29,2026-09-28 08:09:40.517839,2026-09-29 09:00:00,139.03815142708407,lgbm[no-fc+wx+shape],True
DE-LU,2026-09-29,2026-09-28 08:09:40.517839,2026-09-29 19:00:00,217.5160474206285,lgbm[no-fc+wx+shape],True
DE-LU,2026-09-29,2026-09-28 08:09:40.517839,2026-09-29 02:00:00,182.30319227290835,lgbm[no-fc+wx+shape],True
DE-LU,2026-09-29,2026-09-28 08:09:40.517839,2026-09-29 00:00:00,181.64922786785493,lgbm[no-fc+wx+shape],True
DE-LU,2026-09-29,2026-09-28 08:09:40.517839,2026-09-29 12:00:00,110.28869733768748,lgbm[no-fc+wx+shape],True
DE-LU,2026-09-29,2026-09-28 08:09:40.517839,2026-09-29 18:00:00,234.91821699243764,lgbm[no-fc+wx+shape],True
DE-LU,2026-09-29,2026-09-28 08:09:40.517839,2026-09-29 03:00:00,185.106047195852,lgbm[no-fc+wx+shape],True
DE-LU,2026-09-29,2026-09-28 08:09:40.517839,2026-09-29 16:00:00,247.3374976599828,lgbm[no-fc+wx+shape],True
DE-LU,2026-09-29,2026-09-28 08:09:40.517839,2026-09-29 15:00:00,243.9186783492112,lgbm[no-fc+wx+shape],True
DE-LU,2026-09-29,2026-09-28 08:09:40.517839,2026-09-29 13:00:00,129.0304464256303,lgbm[no-fc+wx+shape],True
DE-LU,2026-09-29,2026-09-28 08:09:40.517839,2026-09-28 22:00:00,89.75988009082008,lgbm[no-fc+wx+shape],True
DE-LU,2026-09-29,2026-09-28 08:09:40.517839,2026-09-29 10:00:00,108.8290195394385,lgbm[no-fc+wx+shape],True
DE-LU,2026-09-29,2026-09-28 08:09:40.517839,2026-09-29 21:00:00,204.92553789749405,lgbm[no-fc+wx+shape],True
DE-LU,2026-09-30,2026-09-29 06:08:35.983390,2026-09-29 23:00:00,194.66800196315063,lgbm[no-fc+wx+shape],True
DE-LU,2026-09-30,2026-09-29 06:08:35.983390,2026-09-30 07:00:00,181.45596093350667,lgbm[no-fc+wx+shape],True
DE-LU,2026-09-30,2026-09-29 06:08:35.983390,2026-09-30 11:00:00,68.90496648237202,lgbm[no-fc+wx+shape],True
DE-LU,2026-09-30,2026-09-29 06:08:35.983390,2026-09-30 13:00:00,90.3847013633593,lgbm[no-fc+wx+shape],True
DE-LU,2026-09-30,2026-09-29 06:08:35.983390,2026-09-30 04:00:00,203.11825917197112,lgbm[no-fc+wx+shape],True
DE-LU,2026-09-30,2026-09-29 06:08:35.983390,2026-09-30 08:00:00,135.16640888301964,lgbm[no-fc+wx+shape],True
DE-LU,2026-09-30,2026-09-29 06:08:35.983390,2026-09-30 01:00:00,155.33586633949886,lgbm[no-fc+wx+shape],True
DE-LU,2026-09-30,2026-09-29 06:08:35.983390,2026-09-30 02:00:00,154.12427070655175,lgbm[no-fc+wx+shape],True
DE-LU,2026-09-30,2026-09-29 06:08:35.983390,2026-09-30 09:00:00,115.42146572364533,lgbm[no-fc+wx+shape],True
DE-LU,2026-09-30,2026-09-29 06:08:35.983390,2026-09-29 22:00:00,199.6588487965939,lgbm[no-fc+wx+shape],True
DE-LU,2026-09-30,2026-09-29 06:08:35.983390,2026-09-30 06:00:00,217.3468937591504,lgbm[no-fc+wx+shape],True
DE-LU,2026-09-30,2026-09-29 06:08:35.983390,2026-09-30 18:00:00,218.2411036859609,lgbm[no-fc+wx+shape],True
DE-LU,2026-09-30,2026-09-29 06:08:35.983390,2026-09-30 19:00:00,195.21261863471392,lgbm[no-fc+wx+shape],True
DE-LU,2026-09-30,2026-09-29 06:08:35.983390,2026-09-30 20:00:00,178.503754065686,lgbm[no-fc+wx+shape],True
DE-LU,2026-09-30,2026-09-29 06:08:35.983390,2026-09-30 15:00:00,198.2593756018602,lgbm[no-fc+wx+shape],True
DE-LU,2026-09-30,2026-09-29 06:08:35.983390,2026-09-30 10:00:00,80.11142881892115,lgbm[no-fc+wx+shape],True
DE-LU,2026-09-30,2026-09-29 06:08:35.983390,2026-09-30 12:00:00,75.34978392120075,lgbm[no-fc+wx+shape],True
DE-LU,2026-09-30,2026-09-29 06:08:35.983390,2026-09-30 14:00:00,120.60877859181488,lgbm[no-fc+wx+shape],True
DE-LU,2026-09-30,2026-09-29 06:08:35.983390,2026-09-30 00:00:00,153.85811151425952,lgbm[no-fc+wx+shape],True
DE-LU,2026-09-30,2026-09-29 06:08:35.983390,2026-09-30 16:00:00,252.2579958343181,lgbm[no-fc+wx+shape],True
DE-LU,2026-09-30,2026-09-29 06:08:35.983390,2026-09-30 17:00:00,250.1967283370745,lgbm[no-fc+wx+shape],True
DE-LU,2026-09-30,2026-09-29 06:08:35.983390,2026-09-30 21:00:00,157.9659448334104,lgbm[no-fc+wx+shape],True
DE-LU,2026-09-30,2026-09-29 06:08:35.983390,2026-09-30 03:00:00,166.35136509655595,lgbm[no-fc+wx+shape],True
DE-LU,2026-09-30,2026-09-29 06:08:35.983390,2026-09-30 05:00:00,224.02161938396927,lgbm[no-fc+wx+shape],True
DE-LU,2026-09-30,2026-09-29 08:09:41.124731,2026-09-30 10:00:00,79.03570977239056,lgbm[no-fc+wx+shape],True
DE-LU,2026-09-30,2026-09-29 08:09:41.124731,2026-09-30 15:00:00,203.39149645983227,lgbm[no-fc+wx+shape],True
DE-LU,2026-09-30,2026-09-29 08:09:41.124731,2026-09-30 16:00:00,248.40208239826043,lgbm[no-fc+wx+shape],True
DE-LU,2026-09-30,2026-09-29 08:09:41.124731,2026-09-30 17:00:00,242.89726300259696,lgbm[no-fc+wx+shape],True
DE-LU,2026-09-30,2026-09-29 08:09:41.124731,2026-09-30 21:00:00,155.0259775515921,lgbm[no-fc+wx+shape],True
DE-LU,2026-09-30,2026-09-29 08:09:41.124731,2026-09-30 03:00:00,163.7824407532071,lgbm[no-fc+wx+shape],True
DE-LU,2026-09-30,2026-09-29 08:09:41.124731,2026-09-30 05:00:00,213.42113477360127,lgbm[no-fc+wx+shape],True
DE-LU,2026-09-30,2026-09-29 08:09:41.124731,2026-09-30 12:00:00,76.02394673043908,lgbm[no-fc+wx+shape],True
DE-LU,2026-09-30,2026-09-29 08:09:41.124731,2026-09-30 14:00:00,134.52807760220526,lgbm[no-fc+wx+shape],True
DE-LU,2026-09-30,2026-09-29 08:09:41.124731,2026-09-30 00:00:00,149.57362650922292,lgbm[no-fc+wx+shape],True
DE-LU,2026-09-30,2026-09-29 08:09:41.124731,2026-09-30 04:00:00,197.2509118777052,lgbm[no-fc+wx+shape],True
DE-LU,2026-09-30,2026-09-29 08:09:41.124731,2026-09-30 08:00:00,140.86096407450177,lgbm[no-fc+wx+shape],True
DE-LU,2026-09-30,2026-09-29 08:09:41.124731,2026-09-29 23:00:00,187.77283601681165,lgbm[no-fc+wx+shape],True
DE-LU,2026-09-30,2026-09-29 08:09:41.124731,2026-09-30 07:00:00,180.09176462110395,lgbm[no-fc+wx+shape],True
DE-LU,2026-09-30,2026-09-29 08:09:41.124731,2026-09-30 11:00:00,68.5353195061796,lgbm[no-fc+wx+shape],True
DE-LU,2026-09-30,2026-09-29 08:09:41.124731,2026-09-30 13:00:00,87.75673817885728,lgbm[no-fc+wx+shape],True
DE-LU,2026-09-30,2026-09-29 08:09:41.124731,2026-09-29 22:00:00,189.8504743737068,lgbm[no-fc+wx+shape],True
DE-LU,2026-09-30,2026-09-29 08:09:41.124731,2026-09-30 06:00:00,211.28818274613,lgbm[no-fc+wx+shape],True
DE-LU,2026-09-30,2026-09-29 08:09:41.124731,2026-09-30 18:00:00,219.0293526776405,lgbm[no-fc+wx+shape],True
DE-LU,2026-09-30,2026-09-29 08:09:41.124731,2026-09-30 19:00:00,185.7864240861365,lgbm[no-fc+wx+shape],True
DE-LU,2026-09-30,2026-09-29 08:09:41.124731,2026-09-30 20:00:00,165.3663514731294,lgbm[no-fc+wx+shape],True
DE-LU,2026-09-30,2026-09-29 08:09:41.124731,2026-09-30 01:00:00,149.36141700602502,lgbm[no-fc+wx+shape],True
DE-LU,2026-09-30,2026-09-29 08:09:41.124731,2026-09-30 02:00:00,150.47130262995236,lgbm[no-fc+wx+shape],True
DE-LU,2026-09-30,2026-09-29 08:09:41.124731,2026-09-30 09:00:00,106.19361584231363,lgbm[no-fc+wx+shape],True
DE-LU,2026-10-01,2026-09-30 06:08:14.762667,2026-10-01 03:00:00,128.1286314943056,lgbm[no-fc+wx+shape],True
DE-LU,2026-10-01,2026-09-30 06:08:14.762667,2026-09-30 22:00:00,149.84747391685025,lgbm[no-fc+wx+shape],True
DE-LU,2026-10-01,2026-09-30 06:08:14.762667,2026-10-01 08:00:00,112.673762821726,lgbm[no-fc+wx+shape],True
DE-LU,2026-10-01,2026-09-30 06:08:14.762667,2026-10-01 15:00:00,218.4437201623592,lgbm[no-fc+wx+shape],True
DE-LU,2026-10-01,2026-09-30 06:08:14.762667,2026-10-01 19:00:00,200.72623511083856,lgbm[no-fc+wx+shape],True
DE-LU,2026-10-01,2026-09-30 06:08:14.762667,2026-10-01 21:00:00,148.36850377651723,lgbm[no-fc+wx+shape],True
DE-LU,2026-10-01,2026-09-30 06:08:14.762667,2026-10-01 01:00:00,121.59892861613972,lgbm[no-fc+wx+shape],True
DE-LU,2026-10-01,2026-09-30 06:08:14.762667,2026-10-01 05:00:00,176.5507144815267,lgbm[no-fc+wx+shape],True
DE-LU,2026-10-01,2026-09-30 06:08:14.762667,2026-10-01 18:00:00,251.00557731712905,lgbm[no-fc+wx+shape],True
DE-LU,2026-10-01,2026-09-30 06:08:14.762667,2026-10-01 06:00:00,174.97294891596997,lgbm[no-fc+wx+shape],True
DE-LU,2026-10-01,2026-09-30 06:08:14.762667,2026-10-01 16:00:00,307.6788463440691,lgbm[no-fc+wx+shape],True
DE-LU,2026-10-01,2026-09-30 06:08:14.762667,2026-10-01 13:00:00,95.72175508556748,lgbm[no-fc+wx+shape],True
DE-LU,2026-10-01,2026-09-30 06:08:14.762667,2026-10-01 00:00:00,122.8337461119815,lgbm[no-fc+wx+shape],True
DE-LU,2026-10-01,2026-09-30 06:08:14.762667,2026-10-01 04:00:00,154.00734679967547,lgbm[no-fc+wx+shape],True
DE-LU,2026-10-01,2026-09-30 06:08:14.762667,2026-10-01 20:00:00,162.38600707232405,lgbm[no-fc+wx+shape],True
DE-LU,2026-10-01,2026-09-30 06:08:14.762667,2026-10-01 09:00:00,86.66289290776871,lgbm[no-fc+wx+shape],True
DE-LU,2026-10-01,2026-09-30 06:08:14.762667,2026-10-01 14:00:00,145.96430939205467,lgbm[no-fc+wx+shape],True
DE-LU,2026-10-01,2026-09-30 06:08:14.762667,2026-10-01 17:00:00,303.18499893536773,lgbm[no-fc+wx+shape],True
DE-LU,2026-10-01,2026-09-30 06:08:14.762667,2026-09-30 23:00:00,143.03683834600403,lgbm[no-fc+wx+shape],True
DE-LU,2026-10-01,2026-09-30 06:08:14.762667,2026-10-01 02:00:00,121.55813747997912,lgbm[no-fc+wx+shape],True
DE-LU,2026-10-01,2026-09-30 06:08:14.762667,2026-10-01 10:00:00,66.73391518216779,lgbm[no-fc+wx+shape],True
DE-LU,2026-10-01,2026-09-30 06:08:14.762667,2026-10-01 11:00:00,66.98423506298022,lgbm[no-fc+wx+shape],True
DE-LU,2026-10-01,2026-09-30 06:08:14.762667,2026-10-01 12:00:00,69.31253704536364,lgbm[no-fc+wx+shape],True
DE-LU,2026-10-01,2026-09-30 06:08:14.762667,2026-10-01 07:00:00,150.091213933182,lgbm[no-fc+wx+shape],True
DE-LU,2026-10-01,2026-09-30 08:09:34.079927,2026-10-01 07:00:00,148.51957438398478,lgbm[no-fc+wx+shape],True
DE-LU,2026-10-01,2026-09-30 08:09:34.079927,2026-09-30 23:00:00,143.71790315968892,lgbm[no-fc+wx+shape],True
DE-LU,2026-10-01,2026-09-30 08:09:34.079927,2026-10-01 02:00:00,120.6009026771762,lgbm[no-fc+wx+shape],True
DE-LU,2026-10-01,2026-09-30 08:09:34.079927,2026-10-01 10:00:00,68.49597776212002,lgbm[no-fc+wx+shape],True
DE-LU,2026-10-01,2026-09-30 08:09:34.079927,2026-10-01 11:00:00,62.272214569730025,lgbm[no-fc+wx+shape],True
DE-LU,2026-10-01,2026-09-30 08:09:34.079927,2026-10-01 12:00:00,72.47700631094312,lgbm[no-fc+wx+shape],True
DE-LU,2026-10-01,2026-09-30 08:09:34.079927,2026-10-01 09:00:00,84.77413660756952,lgbm[no-fc+wx+shape],True
DE-LU,2026-10-01,2026-09-30 08:09:34.079927,2026-10-01 14:00:00,147.05710776449362,lgbm[no-fc+wx+shape],True
DE-LU,2026-10-01,2026-09-30 08:09:34.079927,2026-10-01 17:00:00,282.87646915067535,lgbm[no-fc+wx+shape],True
DE-LU,2026-10-01,2026-09-30 08:09:34.079927,2026-10-01 04:00:00,153.00440099225474,lgbm[no-fc+wx+shape],True
DE-LU,2026-10-01,2026-09-30 08:09:34.079927,2026-10-01 20:00:00,173.65322423705865,lgbm[no-fc+wx+shape],True
DE-LU,2026-10-01,2026-09-30 08:09:34.079927,2026-10-01 00:00:00,121.45465883151752,lgbm[no-fc+wx+shape],True
DE-LU,2026-10-01,2026-09-30 08:09:34.079927,2026-10-01 13:00:00,99.06348877884058,lgbm[no-fc+wx+shape],True
DE-LU,2026-10-01,2026-09-30 08:09:34.079927,2026-10-01 16:00:00,298.8757027742988,lgbm[no-fc+wx+shape],True
DE-LU,2026-10-01,2026-09-30 08:09:34.079927,2026-10-01 06:00:00,175.43776119128296,lgbm[no-fc+wx+shape],True
DE-LU,2026-10-01,2026-09-30 08:09:34.079927,2026-10-01 01:00:00,123.43561889055366,lgbm[no-fc+wx+shape],True
DE-LU,2026-10-01,2026-09-30 08:09:34.079927,2026-10-01 05:00:00,178.28161253324305,lgbm[no-fc+wx+shape],True
DE-LU,2026-10-01,2026-09-30 08:09:34.079927,2026-10-01 18:00:00,221.8171127444868,lgbm[no-fc+wx+shape],True
DE-LU,2026-10-01,2026-09-30 08:09:34.079927,2026-10-01 21:00:00,151.8328652595932,lgbm[no-fc+wx+shape],True
DE-LU,2026-10-01,2026-09-30 08:09:34.079927,2026-09-30 22:00:00,153.3806738601818,lgbm[no-fc+wx+shape],True
DE-LU,2026-10-01,2026-09-30 08:09:34.079927,2026-10-01 08:00:00,112.1520520149268,lgbm[no-fc+wx+shape],True
DE-LU,2026-10-01,2026-09-30 08:09:34.079927,2026-10-01 15:00:00,218.3843636774316,lgbm[no-fc+wx+shape],True
DE-LU,2026-10-01,2026-09-30 08:09:34.079927,2026-10-01 19:00:00,227.2174177210146,lgbm[no-fc+wx+shape],True
DE-LU,2026-10-01,2026-09-30 08:09:34.079927,2026-10-01 03:00:00,125.11884258966656,lgbm[no-fc+wx+shape],True
DE-LU,2026-10-02,2026-10-01 06:10:44.016834,2026-10-02 13:00:00,149.30693321916442,lgbm[no-fc+wx+shape],True
DE-LU,2026-10-02,2026-10-01 06:10:44.016834,2026-10-02 01:00:00,183.4920851538363,lgbm[no-fc+wx+shape],True
DE-LU,2026-10-02,2026-10-01 06:10:44.016834,2026-10-02 09:00:00,162.45674114170117,lgbm[no-fc+wx+shape],True
DE-LU,2026-10-02,2026-10-01 06:10:44.016834,2026-10-02 15:00:00,313.32397438896334,lgbm[no-fc+wx+shape],True
DE-LU,2026-10-02,2026-10-01 06:10:44.016834,2026-10-02 00:00:00,183.73558574892857,lgbm[no-fc+wx+shape],True
DE-LU,2026-10-02,2026-10-01 06:10:44.016834,2026-10-02 07:00:00,241.89650193946247,lgbm[no-fc+wx+shape],True
DE-LU,2026-10-02,2026-10-01 06:10:44.016834,2026-10-02 10:00:00,151.0010955647787,lgbm[no-fc+wx+shape],True
DE-LU,2026-10-02,2026-10-01 06:10:44.016834,2026-10-01 22:00:00,139.51050759816255,lgbm[no-fc+wx+shape],True
DE-LU,2026-10-02,2026-10-01 06:10:44.016834,2026-10-02 03:00:00,193.1255432489559,lgbm[no-fc+wx+shape],True
DE-LU,2026-10-02,2026-10-01 06:10:44.016834,2026-10-02 04:00:00,243.2808477361351,lgbm[no-fc+wx+shape],True
DE-LU,2026-10-02,2026-10-01 06:10:44.016834,2026-10-02 14:00:00,214.0503617681213,lgbm[no-fc+wx+shape],True
DE-LU,2026-10-02,2026-10-01 06:10:44.016834,2026-10-02 05:00:00,261.3776711630978,lgbm[no-fc+wx+shape],True
DE-LU,2026-10-02,2026-10-01 06:10:44.016834,2026-10-02 06:00:00,290.55012665896214,lgbm[no-fc+wx+shape],True
DE-LU,2026-10-02,2026-10-01 06:10:44.016834,2026-10-02 16:00:00,343.09507509966625,lgbm[no-fc+wx+shape],True
DE-LU,2026-10-02,2026-10-01 06:10:44.016834,2026-10-02 17:00:00,361.8902558206802,lgbm[no-fc+wx+shape],True
DE-LU,2026-10-02,2026-10-01 06:10:44.016834,2026-10-02 18:00:00,330.8706791662511,lgbm[no-fc+wx+shape],True
DE-LU,2026-10-02,2026-10-01 06:10:44.016834,2026-10-02 02:00:00,189.4321519811412,lgbm[no-fc+wx+shape],True
DE-LU,2026-10-02,2026-10-01 06:10:44.016834,2026-10-02 12:00:00,153.95527911825417,lgbm[no-fc+wx+shape],True
DE-LU,2026-10-02,2026-10-01 06:10:44.016834,2026-10-02 19:00:00,256.10074153646514,lgbm[no-fc+wx+shape],True
DE-LU,2026-10-02,2026-10-01 06:10:44.016834,2026-10-02 21:00:00,197.3639189050706,lgbm[no-fc+wx+shape],True
DE-LU,2026-10-02,2026-10-01 06:10:44.016834,2026-10-01 23:00:00,134.38013157267653,lgbm[no-fc+wx+shape],True
DE-LU,2026-10-02,2026-10-01 06:10:44.016834,2026-10-02 08:00:00,192.4235062078848,lgbm[no-fc+wx+shape],True
DE-LU,2026-10-02,2026-10-01 06:10:44.016834,2026-10-02 20:00:00,200.70682490016355,lgbm[no-fc+wx+shape],True
DE-LU,2026-10-02,2026-10-01 06:10:44.016834,2026-10-02 11:00:00,136.09238060451582,lgbm[no-fc+wx+shape],True
DE-LU,2026-10-02,2026-10-01 08:09:22.547848,2026-10-02 19:00:00,259.11379272505326,lgbm[no-fc+wx+shape],True
DE-LU,2026-10-02,2026-10-01 08:09:22.547848,2026-10-02 21:00:00,195.07311172180223,lgbm[no-fc+wx+shape],True
DE-LU,2026-10-02,2026-10-01 08:09:22.547848,2026-10-01 23:00:00,136.7137856420753,lgbm[no-fc+wx+shape],True
DE-LU,2026-10-02,2026-10-01 08:09:22.547848,2026-10-02 08:00:00,202.08687549738653,lgbm[no-fc+wx+shape],True
DE-LU,2026-10-02,2026-10-01 08:09:22.547848,2026-10-02 20:00:00,213.9232357309031,lgbm[no-fc+wx+shape],True
DE-LU,2026-10-02,2026-10-01 08:09:22.547848,2026-10-02 11:00:00,141.9845914480459,lgbm[no-fc+wx+shape],True
DE-LU,2026-10-02,2026-10-01 08:09:22.547848,2026-10-02 05:00:00,259.4400635282393,lgbm[no-fc+wx+shape],True
DE-LU,2026-10-02,2026-10-01 08:09:22.547848,2026-10-02 06:00:00,286.96919082805806,lgbm[no-fc+wx+shape],True
DE-LU,2026-10-02,2026-10-01 08:09:22.547848,2026-10-02 16:00:00,355.20291367940547,lgbm[no-fc+wx+shape],True
DE-LU,2026-10-02,2026-10-01 08:09:22.547848,2026-10-02 17:00:00,369.9095266519085,lgbm[no-fc+wx+shape],True
DE-LU,2026-10-02,2026-10-01 08:09:22.547848,2026-10-02 18:00:00,327.1312358265268,lgbm[no-fc+wx+shape],True
DE-LU,2026-10-02,2026-10-01 08:09:22.547848,2026-10-02 02:00:00,190.662388607328,lgbm[no-fc+wx+shape],True
DE-LU,2026-10-02,2026-10-01 08:09:22.547848,2026-10-02 12:00:00,125.54606166911132,lgbm[no-fc+wx+shape],True
DE-LU,2026-10-02,2026-10-01 08:09:22.547848,2026-10-02 00:00:00,188.5285371884862,lgbm[no-fc+wx+shape],True
DE-LU,2026-10-02,2026-10-01 08:09:22.547848,2026-10-02 07:00:00,240.50844707255527,lgbm[no-fc+wx+shape],True
DE-LU,2026-10-02,2026-10-01 08:09:22.547848,2026-10-02 10:00:00,140.7137015628847,lgbm[no-fc+wx+shape],True
DE-LU,2026-10-02,2026-10-01 08:09:22.547848,2026-10-01 22:00:00,144.05154593718393,lgbm[no-fc+wx+shape],True
DE-LU,2026-10-02,2026-10-01 08:09:22.547848,2026-10-02 03:00:00,197.02787942283632,lgbm[no-fc+wx+shape],True
DE-LU,2026-10-02,2026-10-01 08:09:22.547848,2026-10-02 04:00:00,237.7156149975885,lgbm[no-fc+wx+shape],True
DE-LU,2026-10-02,2026-10-01 08:09:22.547848,2026-10-02 14:00:00,211.62725857423072,lgbm[no-fc+wx+shape],True
DE-LU,2026-10-02,2026-10-01 08:09:22.547848,2026-10-02 13:00:00,158.65592147753057,lgbm[no-fc+wx+shape],True
DE-LU,2026-10-02,2026-10-01 08:09:22.547848,2026-10-02 01:00:00,186.0263463381843,lgbm[no-fc+wx+shape],True
DE-LU,2026-10-02,2026-10-01 08:09:22.547848,2026-10-02 09:00:00,154.23538380718662,lgbm[no-fc+wx+shape],True
DE-LU,2026-10-02,2026-10-01 08:09:22.547848,2026-10-02 15:00:00,334.54221799780174,lgbm[no-fc+wx+shape],True
DE-LU,2026-10-03,2026-10-02 06:08:35.860570,2026-10-02 23:00:00,195.8882876575064,lgbm[no-fc+wx+shape],True
DE-LU,2026-10-03,2026-10-02 06:08:35.860570,2026-10-03 12:00:00,97.49153224491442,lgbm[no-fc+wx+shape],True
DE-LU,2026-10-03,2026-10-02 06:08:35.860570,2026-10-03 16:00:00,314.55339618715567,lgbm[no-fc+wx+shape],True
DE-LU,2026-10-03,2026-10-02 06:08:35.860570,2026-10-03 01:00:00,198.62567640991443,lgbm[no-fc+wx+shape],True
DE-LU,2026-10-03,2026-10-02 06:08:35.860570,2026-10-03 02:00:00,197.36729706629995,lgbm[no-fc+wx+shape],True
DE-LU,2026-10-03,2026-10-02 06:08:35.860570,2026-10-03 06:00:00,268.0736005863021,lgbm[no-fc+wx+shape],True
DE-LU,2026-10-03,2026-10-02 06:08:35.860570,2026-10-03 09:00:00,165.56913857564336,lgbm[no-fc+wx+shape],True
DE-LU,2026-10-03,2026-10-02 06:08:35.860570,2026-10-03 05:00:00,281.861347595108,lgbm[no-fc+wx+shape],True
DE-LU,2026-10-03,2026-10-02 06:08:35.860570,2026-10-03 20:00:00,223.53847603453477,lgbm[no-fc+wx+shape],True
DE-LU,2026-10-03,2026-10-02 06:08:35.860570,2026-10-03 17:00:00,368.92351720395993,lgbm[no-fc+wx+shape],True
DE-LU,2026-10-03,2026-10-02 06:08:35.860570,2026-10-03 18:00:00,309.1059275742033,lgbm[no-fc+wx+shape],True
DE-LU,2026-10-03,2026-10-02 06:08:35.860570,2026-10-03 21:00:00,220.21122643749578,lgbm[no-fc+wx+shape],True
DE-LU,2026-10-03,2026-10-02 06:08:35.860570,2026-10-03 00:00:00,202.57611020606512,lgbm[no-fc+wx+shape],True
DE-LU,2026-10-03,2026-10-02 06:08:35.860570,2026-10-03 04:00:00,214.9861170535662,lgbm[no-fc+wx+shape],True
DE-LU,2026-10-03,2026-10-02 06:08:35.860570,2026-10-03 10:00:00,146.0269031384,lgbm[no-fc+wx+shape],True
DE-LU,2026-10-03,2026-10-02 06:08:35.860570,2026-10-03 15:00:00,227.30789431427678,lgbm[no-fc+wx+shape],True
DE-LU,2026-10-03,2026-10-02 06:08:35.860570,2026-10-02 22:00:00,210.02474822942258,lgbm[no-fc+wx+shape],True
DE-LU,2026-10-03,2026-10-02 06:08:35.860570,2026-10-03 08:00:00,178.95237842050784,lgbm[no-fc+wx+shape],True
DE-LU,2026-10-03,2026-10-02 06:08:35.860570,2026-10-03 19:00:00,282.03230032156665,lgbm[no-fc+wx+shape],True
DE-LU,2026-10-03,2026-10-02 06:08:35.860570,2026-10-03 14:00:00,161.00396994509276,lgbm[no-fc+wx+shape],True
DE-LU,2026-10-03,2026-10-02 06:08:35.860570,2026-10-03 03:00:00,198.0848824981663,lgbm[no-fc+wx+shape],True
DE-LU,2026-10-03,2026-10-02 06:08:35.860570,2026-10-03 13:00:00,119.16393398719028,lgbm[no-fc+wx+shape],True
DE-LU,2026-10-03,2026-10-02 06:08:35.860570,2026-10-03 07:00:00,217.77816839744307,lgbm[no-fc+wx+shape],True
DE-LU,2026-10-03,2026-10-02 06:08:35.860570,2026-10-03 11:00:00,106.55293153593114,lgbm[no-fc+wx+shape],True
